fen,depth,centipawn,mate,best_move,second_best_move,wall_time_s
r1bqkbnr/pp4pp/2n1pP2/2pp4/3P4/2P2N2/PP3PPP/RNBQKB1R b KQkq - 0 6,6,-2,NULL,g8f6,g7f6,0.011
rn1qk1nr/pbp1bppp/1p1pp3/8/3PP3/2N1BN2/PPP1BPPP/R2QK2R b KQkq - 3 6,6,+100,NULL,a7a6,b8d7,0.013
2kr1b1r/ppnnp1p1/2p3bp/8/2PP1q2/1PB2P1B/P2N4/R3K1NR b KQ - 1 22,6,-776,NULL,f4d6,f4g3,0.007
r1bq1rk1/pp1p1ppp/1b3n2/n1pP4/4P3/P2B1N2/1P3PPP/RNBQ1RK1 b - - 0 10,6,+136,NULL,c5c4,b6c7,0.006
r1b1kbnr/pp3ppp/2n1p3/2p1P3/3p1P2/3P1N2/PqPN1BPP/R2QKB1R b KQkq - 1 8,6,-115,NULL,c6b4,g8e7,0.013
8/pp4pp/b3N1k1/8/7P/2P5/PP2qK2/8 w - - 2 39,6,-786,NULL,f2g3,f2g1,0.003
r6k/1pp3p1/1b4p1/p2Qp3/P3P2q/5P1P/1PP2P1K/R4R2 w - - 0 26,6,+454,NULL,d5e5,d5e6,0.006
3n4/p2pk1p1/5pB1/1qpQp3/1r6/4PN2/2P1KPPP/3R4 w - - 6 26,6,+477,NULL,e2e1,d1d3,0.005
r2qkbnr/ppp1pppp/8/3p1b2/1n6/3PP3/PPP1NPPP/RNBQKB1R b KQkq - 0 5,6,-49,NULL,e7e5,g8f6,0.007
r1b2rk1/pp3pp1/2p1p2q/3n2Nn/2BP3P/2N3Q1/PPP5/1K3R1R w - - 11 22,6,+167,NULL,g3d6,g3e1,0.008
r1bqk1nr/pp2bppp/2n1p3/2p5/3pPP2/3P1B2/PPP1N1PP/RNBQ1RK1 b kq - 3 7,6,+34,NULL,g8h6,g8f6,0.012
2kr1r2/pp2R3/3q4/3P3p/8/2N2P2/PPP3PK/R2Q4 w - - 1 21,6,+108,NULL,h2g1,h2h1,0.005
r1b2rk1/1p3ppp/8/6q1/1PB2n2/1Q2B2P/P4PP1/3R1RK1 w - - 3 23,6,+319,NULL,c4f7,e3f4,0.008
4r1k1/7p/2p2qb1/p1p1ppR1/2Pp1P2/1P1P2Q1/P5P1/4R1K1 b - - 1 35,6,+240,NULL,e5e4,e5f4,0.012
rnb1k2r/ppppqppp/8/8/1b2nB2/2NP1N2/PPP3PP/R2QKB1R w KQkq - 0 7,6,+310,NULL,d3e4,d1e2,0.008
5k2/5pp1/K6p/8/4PN2/5P2/6PP/4n3 w - - 1 39,6,-1,NULL,f4e2,a6b6,0.007
r7/B1R1k1pp/3p1p1n/4p3/1P6/5P2/P4P1P/6K1 b - - 2 22,6,+214,NULL,e7d8,e7e6,0.006
rnb1kbnr/1p1p1q1p/2pB1p2/p1P3p1/3QP3/P1N2N2/1P3PPP/R3KB1R b KQkq - 0 10,6,+370,NULL,g5g4,f8d6,0.006
r2qk2r/1b1pbppp/2n1pn2/8/1p6/1N2PN2/PP1BBPPP/R2Q1RK1 w kq - 4 12,6,-44,NULL,d1c2,f3d4,0.012
r2qr1k1/1p3p1p/p1p2n2/5B2/5B2/8/P1P4P/1R3RK1 b - - 2 30,6,-619,NULL,g8h8,d8d4,0.006
8/2n4p/1p2P1p1/1r3n2/p2P2Pk/P4N1P/4NP2/2R3K1 b - - 1 35,6,+542,NULL,h4h3,NULL,0.002
r2qk2r/p4ppp/2p1bn2/b2p4/N7/4B1PP/PP2PPB1/R2Q1RK1 b kq - 6 13,6,+67,NULL,e8g8,d8c8,0.010
4r2r/pbk1q2p/1ppp1pp1/8/3PPbQ1/2N5/PPP2PPP/R4RK1 w - - 0 16,6,+144,NULL,g4f4,a2a4,0.010
8/8/8/4K3/8/4q3/4k3/8 w - - 12 83,6,-415,NULL,e5d6,e5f6,0.004
r4rk1/pp1bqppp/2n2n2/4p3/3p4/6N1/P1PN1PPP/R2Q1RK1 w - - 6 15,6,-591,NULL,a1b1,f2f4,0.006
rr4k1/5pp1/2nq1n1p/p3p2P/3pP2R/5B2/PpP1QPPB/1K1R4 w - - 2 24,6,-427,NULL,f3g4,e2c4,0.005
r2q1r2/pbpp1pkp/1pn1p1p1/8/3PP1n1/2PB1N2/PP3PPP/RNQ2RK1 w - - 0 11,6,+83,NULL,b1d2,f1e1,0.008
6k1/qp4p1/4Qp2/5B1p/4P3/5P1P/6PK/5b2 b - - 13 43,6,+212,NULL,g8f8,g8h8,0.007
8/8/4k3/6R1/7R/4P3/1P3PPP/6K1 b - - 14 49,6,+836,NULL,e6f6,e6f7,0.006
N1b3nr/p2k1ppp/1p1p4/1p6/5B2/2N5/PPP2PPP/R3K2R w KQ - 0 15,6,+736,NULL,e1c1,a8b6,0.005
r2q1rk1/4n1bp/ppn1Ppp1/8/8/2NBB3/PPP2PPP/R2Q1RK1 w - - 0 14,6,+362,NULL,d3e4,d3c4,0.008
8/8/4k1p1/1p2ppP1/1Pp1p2P/P1P5/4BK2/8 w - - 1 37,6,+296,NULL,e2d1,f2e3,0.007
8/6pp/p7/4Pk2/5P1P/P1r2K2/8/8 w - - 1 48,6,-640,NULL,f3e2,f3g2,0.004
2b2rk1/R1q1nppp/4p3/1p6/2pP4/B1P1P3/5PPP/4KBNR w K - 0 20,6,+635,NULL,a7c7,a3c5,0.005
1r2k1nr/1b2q1bp/pQn3p1/2pp4/8/2P5/PP1NBP1P/R1BK1R2 w k - 2 18,6,-299,NULL,f1e1,d2b3,0.014
r2qk1nr/ppp2p2/2nb3p/5p2/2pP2p1/P5P1/1P1NPPBP/R1BQ1RK1 w kq - 0 11,6,+276,NULL,d2c4,f1e1,0.007
3r2k1/1p3pp1/p2p3p/8/2q5/1R1R4/P1P4P/1K6 b - - 5 29,6,-641,NULL,b7b5,g8h8,0.005
r3rb1k/ppp2p2/3p4/n3pNQ1/4P3/2qP2PP/P2N2P1/R3R1K1 w - - 0 26,6,+566,NULL,d2f3,g5h5,0.006
8/1q3PK1/8/2kp4/8/5Q2/8/8 w - - 3 65,6,+468,NULL,f3c3,f3g4,0.006
r2qk2r/pp3pbp/2p2np1/1B1Ppb2/8/2P5/PP1P1PPP/nNBK1QNR w kq - 0 12,6,-522,NULL,d5c6,g2g4,0.006
2kr1bnr/p3q1pp/1p1pnp2/2P1p3/7P/B1PP2P1/P3PPbR/RN1QK1N1 b Q - 1 15,6,-333,NULL,g2c6,g2b7,0.006
2kr3r/1pp3pp/p3pp2/2q2n2/1n3P2/1P2PN2/P3Q1PP/R1B2RK1 w - - 0 17,6,-212,NULL,a1b1,g1h1,0.005
r1b1k2r/1p2bppp/1qn1p3/p1p2n2/4N1B1/2PP3P/PP3PPN/R1BQ1RK1 b kq - 1 11,6,-53,NULL,e8g8,a5a4,0.013
r2q1rk1/1b2bp1p/p3p1p1/p2pP3/3B1P2/2NQ2P1/1PP4P/2KRR3 w - - 0 20,6,+11,NULL,c1b1,h2h4,0.015
4k1nr/ppp2ppp/4p3/4N3/8/4P2P/2q3P1/5rK1 w k - 0 28,6,-898,NULL,g1f1,g1h2,0.003
r4rk1/1p1bq1pp/p3p3/3p1p2/3Nn3/P1PBPQ1P/1P3PP1/R3K2R b KQ - 1 15,6,-140,NULL,e6e5,a8d8,0.009
4k3/1K3pp1/4q2p/8/8/8/8/4n3 b - - 17 52,6,-893,NULL,h6h5,f7f5,0.005
rnbqkbnr/pp3pp1/2pp3p/4p3/4P3/5N2/PPPPBPPP/RNBQ1RK1 b kq - 1 5,6,+39,NULL,g8f6,f8e7,0.008
4k3/1p6/5K2/6P1/pr6/8/8/8 b - - 1 53,6,-665,NULL,a4a3,b4e4,0.004
rnbqkbnr/1p1p1ppp/p1p1p3/8/5B2/3P2P1/PPP1PPBP/RN1QK1NR b KQkq - 1 4,6,+37,NULL,d7d5,g8f6,0.010
8/2k5/7R/8/1Br3Pp/P4B1P/7K/8 b - g3 0 47,6,+539,NULL,h4g3,c4c2,0.005
r6r/p2bkp2/Q1pp2q1/6np/2P1P1p1/4P1R1/PP1NB1PP/5RK1 w - - 0 22,6,+139,NULL,c4c5,a6a5,0.016
r2qr1k1/1b1nppbp/6p1/3pP3/2p2P2/P1B1P2P/2P1N1P1/R2Q1RK1 b - - 1 19,6,-376,NULL,d5d4,d8c8,0.009
rnbq1knr/pppp2pp/8/2b1Q3/4P3/8/PPPP1PPP/RNB1K1NR b KQ - 0 5,6,-229,NULL,d7d6,c5b6,0.007
r1q1k2r/p2nbpQp/2p2p2/1p2p3/4P3/2NB4/PPP2PPP/R2R2K1 b kq - 3 14,6,+241,NULL,h8f8,b5b4,0.006
2kr3r/pp1qbppp/8/2pP4/2P1RP2/8/PP4PP/R1BQ2K1 b - - 0 16,6,+96,NULL,e7f6,d8e8,0.010
rnbqk1nr/ppp2pb1/4p1pp/3pP3/3P4/2N2N2/PPP2PPP/R1BQKB1R w KQkq - 0 6,6,+112,NULL,h2h4,f1d3,0.010
2r1kb1r/5ppp/b1n2n2/4pPB1/Pp1pP3/1P4Q1/4NKPP/qNR5 w k - 2 19,6,-530,NULL,b1d2,g5f6,0.011
1nr3k1/q4ppp/3np3/3p4/2p5/4PPP1/2Q1N1KP/7R w - - 2 27,6,-487,NULL,c2b2,g3g4,0.005
8/4kp2/P1K4p/8/6P1/7P/1r4P1/R7 b - - 0 39,6,+359,NULL,b2g2,b2c2,0.005
8/p5b1/1pq1N1k1/2p1np2/P7/1B2P3/1BKN4/R7 w - - 3 38,6,+301,NULL,a1g1,e6g7,0.010
r4rk1/1p2nppp/p3bn2/3p4/P1p5/2N1PN1P/1P2BPP1/R1BR2K1 b - - 1 16,6,+440,NULL,g7g6,e7c6,0.008
5rk1/3b2pp/pr3P2/1ppR4/4N1Pq/2P2Q1P/PP3P2/5RK1 b - - 0 25,6,+354,NULL,d7e8,b6f6,0.006
7k/6p1/pp1p3p/2p2q2/2P4P/1P4PK/P2Q4/8 w - - 3 38,6,-36,NULL,h3g2,h3h2,0.004
q2k3r/8/pR2R3/3Bp3/4P3/P2P3P/1PP5/1K6 b - - 14 49,6,+620,NULL,a8a7,a8c8,0.005
3r2k1/pB2R2p/3P1Pp1/1p6/8/8/r5PP/3R2K1 w - - 0 27,6,+784,NULL,b7d5,e7c7,0.008
2K5/2RPk3/7p/1p4p1/p1r5/5P2/5P2/8 b - - 5 46,6,+556,NULL,e7e6,c4c7,0.007
3rk2r/ppp2ppp/2n5/8/1bP1n1b1/P1N1BN2/1P3PPP/R2BR1K1 b k - 0 15,6,+9,NULL,b4c3,e4c3,0.008
r3r2k/1p6/pb1pbnp1/4qp2/1P2p2P/PB6/5PP1/R2Q1RK1 w - - 4 23,6,-676,NULL,d1d2,a1c1,0.005
rn1qk2r/ppp2ppp/8/3p4/3P1P2/2PB1Q2/P1Pn2PP/R3K2R w KQkq - 0 11,6,+96,NULL,e1d2,f3g3,0.007
6k1/1p3p2/2p2KPP/p1P5/2n5/8/8/8 b - - 0 43,6,-395,NULL,f7g6,c4e5,0.005
8/r4pk1/3K2p1/7r/1R6/8/8/8 w - - 0 48,6,-561,NULL,b4b8,b4e4,0.006
4q1k1/p1p1r2r/3p3p/1P1P2p1/6Q1/N2p4/PP2N1PP/2R1K2R b K - 1 28,6,-222,NULL,e7e2,h7f7,0.011
8/8/8/8/6kp/3R4/8/r5K1 w - - 4 58,6,-2,NULL,g1g2,g1h2,0.008
3R2r1/4k1p1/5rP1/pp2pP2/1qp5/5K2/2B4Q/8 w - - 2 44,6,+306,NULL,d8g8,d8d5,0.008
rnbq1rk1/6b1/p1p3pp/1pPp1p2/PP1P1P2/3BB3/2Q1N1PP/3R1R1K b - - 0 18,6,+64,NULL,b8d7,c8e6,0.014
rn1qk2r/pp5p/2ppBnpQ/4p3/4P3/3P1N1P/PPP2PP1/R3K2R b KQkq - 2 12,6,+178,NULL,d8e7,b8d7,0.007
8/6pk/7p/3p1p2/3P1P2/p5P1/6K1/1r3N1R w - - 0 38,6,-128,NULL,f1d2,f1e3,0.006
7k/6p1/7p/7K/4r2P/6B1/3n2q1/8 b - - 3 48,6,NULL,#-2,h8h7,g2f3,0.006
r1bqr1k1/pppp1p2/5n1Q/2P1p3/4P3/2PP1N2/P4PPP/R3K2R b KQ - 0 12,6,-178,NULL,f6h7,f6g4,0.008
r4rk1/pppqbpp1/2n2n1p/3p4/3P3B/5B2/PPPN1PPP/R2QR1K1 w - - 4 12,6,+78,NULL,c2c3,d2f1,0.011
r1b1kb1r/pppp1pp1/5q1p/1B1Pp3/3N4/8/PPPP1PPP/R1BQ1RK1 b kq - 0 8,6,+51,NULL,e5d4,a7a6,0.008
8/p2Rq1r1/kpp4Q/8/5P2/2P2K2/2P3PP/3R4 b - - 6 33,6,+711,NULL,e7d7,e7e2,0.005
r3kb1r/ppq2ppb/2p1p2p/3nP2P/3P2PN/2N5/PP1BQP2/2R2RK1 b kq - 2 18,6,-75,NULL,a8d8,c7d8,0.012
6k1/5pp1/p3r2p/1p3N2/1P6/P4Q1P/3q1PP1/5RK1 w - - 3 31,6,+511,NULL,f3g4,g2g4,0.006
2kr1bnr/p1pp1q2/1p2p3/6p1/Q4Pp1/1PPPPbPP/P3K3/1R6 w - - 1 20,6,-645,NULL,e2e1,e2f2,0.004
r1bqk1nr/p1pp1pbp/1p2p1p1/8/3P4/2NPPQ1N/PP3PPP/R1B1K2R w KQkq - 0 8,6,+472,NULL,f3a8,h3g5,0.012
5r1k/pp2q2p/6p1/1PpQp3/P3B3/6P1/5P1P/3R2K1 b - - 0 27,6,+438,NULL,c5c4,e7c7,0.005
7k/p6P/8/3q4/5KP1/8/8/5q2 w - - 6 63,6,NULL,#-2,f4g3,f4e3,0.003
4r1k1/Q3bnp1/1p1p3p/1q1Pp3/4B2P/3PN1P1/5P2/2R3K1 b - - 0 29,6,+355,NULL,e7f6,h6h5,0.005
r3kb1r/ppp1pppp/8/q2N4/3P4/5P2/PPnBQPBP/R3K2R w KQkq - 1 12,6,+343,NULL,e1d1,e1f1,0.003
8/5pp1/5k1p/5P2/4K1P1/8/7P/8 b - - 0 39,6,-198,NULL,f6g5,h6h5,0.007
rn1k1r2/ppp1qb1p/3p4/3P4/2B2Q2/2P1B3/P1P3PP/2K4R w - - 1 19,6,-177,NULL,f4h6,h1f1,0.007
8/K4P2/5Q2/6Q1/8/8/7k/8 w - - 5 76,6,NULL,#+1,f6h6,f6h8,0.008
2k1r2r/pp1n4/1b3np1/1N2pp1p/1P6/6N1/P1PB1PPP/R3R1K1 w - - 1 19,6,+199,NULL,b5d6,c2c4,0.010
1r1q1k1r/p3bp1p/1p1p2p1/3N4/2P5/B2Q1P2/5PPP/1R2R1K1 b - - 2 18,6,+645,NULL,b6b5,b8b7,0.006
3r1rk1/2q2p1p/ppB3p1/1P3bQ1/P1P5/5P2/2p3PP/R3R1K1 w - - 0 24,6,-153,NULL,a1c1,g5e3,0.011
r2qkbnr/pp3ppp/n2p4/2pP4/8/2N2b1P/PPP2PP1/R1BQKB1R w KQkq - 0 8,6,+476,NULL,f1b5,d1f3,0.006
r4rk1/2pb1pp1/p2p1qnp/4p3/2P1P3/3P1N1P/PB3PP1/R2QR1K1 w - - 1 17,6,-56,NULL,b2c1,d3d4,0.011
r3k2r/p1ppn1pp/1p6/2b1QB1q/1nP4P/4P1P1/PP1P1P2/R1B1K1NR w KQkq - 1 14,6,+504,NULL,f5d7,a2a3,0.006
8/pp5p/2p1rkp1/2n2p2/3Rn3/P4B2/2P3K1/8 b - - 5 46,6,-748,NULL,e6e5,g6g5,0.009
rnbqr1k1/pp2bpp1/2pp1nNp/8/2B1P3/P1NP1Q2/1PP2PPP/R1B1K2R b KQ - 1 9,6,+84,NULL,d6d5,c8g4,0.007
1nk2b1r/5ppp/3p2q1/3N4/2B1n3/4P1B1/3P1PPP/N1R3K1 b - - 9 22,6,-149,NULL,e4g3,c8d8,0.010
r2q1rk1/pp2bppp/1np1p3/3pPn2/3P4/2PQ1N1P/PP3PP1/R1B1RNK1 w - - 3 14,6,+44,NULL,a2a4,f1e3,0.015
7B/1R2P3/4k3/8/4P2p/3K2P1/8/8 b - - 0 52,6,+721,NULL,e6f7,e6d6,0.006
8/1p2r3/ppk5/8/3R2P1/2P5/8/6K1 b - - 0 55,6,-146,NULL,e7e5,b6b5,0.010
1n1qkbnr/Rb2pppp/8/1p6/2pP4/4P3/1P3PPP/2BQKBNR b Kk - 2 9,6,+163,NULL,d8b6,b7d5,0.008
rn2k3/pp5p/2p5/5p2/3rpN2/5b2/PPK2P1P/RN2R3 b q - 1 21,6,-284,NULL,b8a6,e8f7,0.009
r1b2r2/pp3k1p/4p1P1/2ppnp1P/8/2PB4/PPP2P2/2KR3R b - - 0 19,6,-417,NULL,f7f6,h7g6,0.006
r4bnr/ppp2kpp/2n1b3/3p4/3Pq3/1QP1B3/PP3PPP/RN3RK1 w - - 2 11,6,-278,NULL,b1d2,b3b7,0.005
7r/2rkn3/3p3q/3pb3/3pPpRp/1Q1P1P1P/PP1BK3/R6B b - - 3 26,6,+113,NULL,h8c8,h6f8,0.006
r2q1rk1/3bbppp/p1pp1n2/4p1B1/4P3/3B2N1/PPP2PPP/R2Q1RK1 b - - 3 13,6,-20,NULL,h7h6,d6d5,0.010
1r1nr3/pp4k1/2p1pnpp/5p2/2Pq4/P2B1QNP/1P2RPP1/4R1K1 w - - 0 23,6,+13,NULL,d3f5,g3f5,0.007
2r5/1b2kp2/3bPnp1/7p/2B2P2/1PNR3P/4N1P1/7K b - - 0 28,6,+40,NULL,f6e4,f7e6,0.007
rnb1k2r/ppq2pp1/2pb1n2/4p2p/2BPP3/2N2N1P/PP3PP1/R1BQ1RK1 w kq - 0 10,6,+315,NULL,d4e5,f3g5,0.013
r5r1/ppp2k1p/3bbp2/2PQp3/8/8/P2P1PPP/R1B1R1K1 w - - 3 20,6,+464,NULL,d5f3,d5b7,0.007
2kr4/pp4p1/4p3/4p3/2P5/3pNq2/P4P1P/1R1R3K w - - 2 29,6,-488,NULL,h1g1,e3g2,0.004
r3q1k1/pp1nrp1p/6p1/2p3P1/2PB3P/3BP1R1/P2P1P2/6RK b - - 1 29,6,-743,NULL,c5d4,e7e4,0.007
rn3rk1/pp1b1ppp/2q1p1n1/3pP1b1/1P1P4/P1NB1N2/3Q1PPP/R4RK1 w - - 0 16,6,+95,NULL,f3g5,d2g5,0.009
r4rk1/1p1nbppp/1pp5/3pP2b/8/3P1N1P/PP1N1PP1/R1B1R1K1 w - - 1 15,6,-111,NULL,d3d4,g2g4,0.008
r1bqkb1r/pp1p3p/2n1pp2/2pn2NQ/2B5/3P4/PPP2PPP/RNB1K2R b KQkq - 1 8,6,+312,NULL,e8e7,NULL,0.003
2r2rk1/1p3p1p/4pp1n/NP6/P7/4P3/4QPPP/R1q3K1 w - - 0 24,6,-354,NULL,a1c1,e2d1,0.005
6k1/6p1/3Npb1p/8/2p5/4P1P1/1r3PKP/2R5 b - - 3 28,6,+22,NULL,c4c3,b2b6,0.008
3r2k1/5pbp/1r4p1/2p1P3/p3NP2/P6P/1P4P1/1R3RK1 w - - 0 24,6,+128,NULL,e4c3,b1d1,0.007
rnb1k1nr/p4pp1/2pp1q1p/Q3p3/4P3/1B1PBN2/1pP2PPP/1NKR3R w kq - 0 13,6,+455,NULL,c1b2,c1d2,0.004
rn4nr/ppp1kp1p/4b1p1/4N3/4PB2/2PB4/2P3PP/1R3RK1 b - - 3 14,6,+138,NULL,b7b6,a7a5,0.006
8/3N1p1p/3k4/pB1R4/2P4b/1KP5/1P5r/8 b - - 7 45,6,+492,NULL,d6c7,d6e6,0.004
2r2rk1/8/2b1pPp1/1p1pP1Np/pp1B1N2/8/P1P1K3/8 w - - 0 32,6,-86,NULL,e2e3,f4e6,0.009
r2q1rk1/pp3pp1/1np3bp/2b1p3/4P3/2NP1PQN/PPP3PP/R1B1K2R w KQ - 0 15,6,+123,NULL,g3e5,f3f4,0.012
8/8/1p6/8/4K3/8/p2k4/8 b - - 1 60,6,-781,NULL,d2c3,b6b5,0.013
5r2/4n3/1R5P/1p6/3k2NR/P2B4/1KP5/8 b - - 2 48,6,+732,NULL,e7f5,f8f7,0.006
6k1/8/6p1/R2P3p/4qP2/6P1/5P1P/6K1 b - - 0 39,6,-534,NULL,e4e1,h5h4,0.009
2r2rk1/1p2q1pp/p1n1p1n1/3pP1N1/8/P2Q2B1/1P3PPP/4RRK1 w - - 5 23,6,-53,NULL,g5f3,d3e3,0.012
7r/7p/kpp5/p6P/2PP2R1/1K6/1P2r3/8 b - - 0 39,6,-581,NULL,e2e7,h8e8,0.007
8/5r1k/8/2R3K1/8/8/8/8 w - - 1 51,6,+1,NULL,c5d5,c5c3,0.014
8/p1rp4/1p4Rp/2p1r2P/4kR2/6P1/PPP5/2K5 b - - 3 34,6,+192,NULL,e4e3,e4d5,0.004
8/2k5/ppbp4/3p4/3P1K2/2P5/2P4P/8 b - - 1 50,6,-453,NULL,c7d7,c6e8,0.006
1nbqk1nr/8/r1pppp1b/pp6/1P1PP1p1/P1N5/2PBBPPN/R2QR1K1 w k - 2 15,6,+220,NULL,b4a5,d2h6,0.009
4rrk1/ppb2ppp/2p2n2/8/3B4/1P2RQ1N/P1PP1PPq/R4K2 w - - 4 20,6,+161,NULL,d4f6,a1e1,0.008
r1bq1rk1/ppp1npp1/2np3p/2b1P3/2Bp1B2/5N2/PPP2PPP/RN1QR1K1 w - - 0 9,6,-92,NULL,e5d6,b1d2,0.009
5r2/pp1b1k2/1q2p2p/3pP1p1/3Qnp2/N1P5/PP2PPPP/R3KB1R b KQ - 2 16,6,+8,NULL,b6b2,b6a5,0.005
2b2rk1/R1N3pn/1Q1p4/3Pp1q1/1P2p3/7P/2P2PPN/6K1 b - - 0 26,6,-596,NULL,c8h3,g5c1,0.006
2k5/p1p5/1p3q2/3p2p1/1P1Np1P1/2P5/P1KN1R2/8 b - - 0 27,6,-556,NULL,f6f2,f6d6,0.005
rnb1k1nr/pp6/2pp3b/4p3/2B1P2p/P1NPB2N/1PPQ2q1/2KR3R b kq - 5 18,6,-5,NULL,g2d2,c8h3,0.010
r3k1nr/ppp3p1/2np4/4pp1p/4P1bq/P1PP1P2/2P1K2P/R1BQ1BR1 b kq - 1 11,6,-463,NULL,f5f4,g7g6,0.008
4r3/5R2/6p1/P5k1/8/1P6/1KP2p2/8 b - - 1 38,6,+237,NULL,e8e2,e8e5,0.008
r1b2rk1/pp1p1ppp/4pn2/2b3q1/N7/2B5/P1P1BPPP/1R1Q1RK1 w - - 6 15,6,+85,NULL,a4c5,c3f6,0.009
2br1rk1/7p/p1ppp1pn/1p6/3PNPP1/3B4/PPP2R2/1K2R3 w - - 0 28,6,-32,NULL,g4g5,d3e2,0.011
r1bq1rk1/p4ppp/2p2n2/2b1p3/8/2N2N2/PPPP1PPP/R1BQ1RK1 w - - 0 9,6,+108,NULL,f3e5,d2d3,0.007
r2qr1k1/pb1n2pp/1p6/3pNp2/3Pn3/B2BQ3/P1P2PPP/R4RK1 w - - 2 16,6,+185,NULL,f2f3,a1e1,0.008
2R5/5kp1/4p2p/pK1p2pP/1p3r2/1P6/r7/2R5 b - - 1 41,6,-431,NULL,g5g4,a5a4,0.006
r3k2r/ppp1nppp/2n1b3/2q1p3/8/1P1P1N1P/P1P1BPP1/R1BQR1K1 b kq - 0 12,6,+69,NULL,e8g8,f7f6,0.016
r1b2r1k/pp2Nppp/2p5/3p4/8/3BBP2/P1P2P1P/R3K2R w KQ - 0 18,6,+607,NULL,e7c8,h1g1,0.007
r2q1rk1/1p1bbppp/p1nppn2/1Bp5/4P3/P1NPBN2/1PP2PPP/R2Q1RK1 w - - 0 10,6,-58,NULL,b5c4,b5a4,0.009
4r1k1/5p1p/p5p1/5b2/3R1PB1/2B1r1P1/PP3K1P/3R4 b - - 0 25,6,+30,NULL,f5g4,f7f6,0.005
5rk1/5p1p/6p1/3Q4/3PP3/q4K1P/5PP1/8 w - - 5 35,6,-505,NULL,f3f4,f3e2,0.006
8/8/4k3/p1p3b1/P1P1PpP1/1P6/5K2/1b1B4 b - - 0 44,6,-485,NULL,b1e4,g5d8,0.012
B7/1R2bk1p/4p1p1/1P2r3/3p4/1RnP2P1/2P2P1P/6K1 b - - 4 35,6,+349,NULL,e5e1,g6g5,0.006
r2qk2r/ppp2p2/2pb1n1p/4p1p1/4P3/3P1bB1/PPPN1PPP/R2Q1RK1 w kq - 0 11,6,+61,NULL,d2f3,d1f3,0.008
rn2kbnr/ppp1pppp/8/3b4/8/5P2/PPPP2PP/RNB1KBNR b KQkq - 0 5,6,-33,NULL,b8c6,d5e6,0.010
8/8/8/p3p3/K1kp1p1p/P4P1P/3b2P1/2N5 w - - 1 40,6,-481,NULL,c1b3,g2g4,0.004
rn1q1rk1/1b2bppp/3p3B/3Pp3/1p4R1/2NQ2P1/5PBP/4R1K1 b - - 1 22,6,+65,NULL,g7g6,f7f5,0.013
3r4/Nkp5/1p6/5pp1/3np2p/1P6/R4PPP/7K w - - 0 33,6,-543,NULL,h1g1,b3b4,0.005
rnq2rk1/pb1pnpbp/1p1Pp1p1/6B1/8/2N2N2/PPP2PPP/R2QKB1R w KQ - 1 10,6,+345,NULL,d6e7,g5e7,0.008
q5k1/5pp1/2r2n1p/8/1Q1P4/2N1PN1P/3K1PP1/r1B4R w - - 0 26,6,-55,NULL,b4b3,d2e2,0.014
3k4/1R6/p1pB4/6b1/PPP5/4p3/6P1/5K2 b - - 0 44,6,+616,NULL,a6a5,g5f6,0.004
5r1k/p1p3pp/6r1/4Rpq1/1PBp4/P2P1Q2/2P2PPP/4R1K1 w - - 11 24,6,+543,NULL,h2h4,c4f7,0.005
3r2k1/r4p2/5p2/2Pb1N2/1P3P2/6Pp/P1RR1K1P/8 b - - 4 40,6,+492,NULL,a7d7,d8d7,0.005
8/8/p1P5/5P2/1k6/8/4K3/8 b - - 0 43,6,+629,NULL,b4b3,b4c5,0.005
r3k3/pp3pp1/2p1p1p1/8/1P2P3/2PK4/P4q1r/R2QR3 b q - 1 22,6,NULL,#-3,e8c8,a8d8,0.009
r5r1/p3Rp1k/1p4bp/2pR4/3p1P2/P7/1P5K/8 b - - 0 29,6,-582,NULL,a8d8,g8d8,0.005
8/7p/6pk/8/PP2Q2P/8/8/1K3q2 w - - 1 41,6,+234,NULL,b1c2,b1b2,0.005
3r2k1/pp3pp1/2p4p/8/1Pb1n3/P3K1P1/6PP/3q4 b - - 3 28,6,NULL,#-2,d1g4,d1e2,0.006
rnb1kb1r/ppqpnppp/4p3/2p1P3/3P4/1BP2N2/PP1B1PPP/RN1QK2R b KQkq - 6 8,6,+129,NULL,b7b5,b8c6,0.013
r6r/3p4/b1pP1k1p/p1p2p2/P1P5/5N2/1P1K1P2/4R1R1 w - - 2 31,6,NULL,#+3,f3e5,e1e7,0.008
r2qkb1r/pp1n1ppp/4p3/2Pp4/1P2n3/4PN2/P1P2PPP/RNBQ1RK1 b kq - 3 8,6,+92,NULL,a7a5,d8c7,0.012
2r5/2P2R2/8/1p2k2p/PP5P/1K6/8/8 w - - 1 46,6,+458,NULL,f7h7,a4b5,0.006
r1bqkbnr/pppp1ppp/2n5/8/2PPp3/8/PP2PPPP/RNBQKBNR b KQkq - 1 4,6,-20,NULL,g8f6,d7d5,0.012
8/8/1pK5/p1p5/P1P4k/2P4P/8/4q3 b - - 1 48,6,-651,NULL,e1c3,e1e6,0.005
3r2k1/pqp2pb1/4p1pp/4P3/P1N5/8/4QPPP/3R2K1 b - - 0 24,6,-289,NULL,d8d1,b7a8,0.007
8/7p/4p3/3k4/1R1Pb3/P7/6PP/6K1 w - - 3 34,6,+524,NULL,b4b8,g1f2,0.006
r3qrk1/6pp/2pB4/1pQp4/p3b1B1/2P1P2P/PP4P1/R5K1 b - - 3 29,6,-269,NULL,h7h5,e8f7,0.006
8/1R4k1/3r2p1/p3Np2/P2b4/5P1P/5PK1/5R2 b - - 4 34,6,+571,NULL,g7f6,g7f8,0.009
8/6kp/p1N3p1/1p1p2p1/6b1/2bBp1P1/P7/5K2 b - - 1 40,6,-633,NULL,h7h5,g7h6,0.005
r1b1k1nr/pp1p1p1p/1q2p1p1/2b1P3/5Q2/2P5/PP1B1PPP/RN2KB1R b KQkq - 3 10,6,-193,NULL,b6b2,g6g5,0.006
2r3k1/2r1qp2/p3pNp1/1p1p2P1/3P4/1PP1R1Q1/P4P2/7K b - - 1 39,6,+115,NULL,g8f8,g8g7,0.005
r2q1rk1/pp2bppp/2n1pB2/3p3b/3P4/2PB1N1P/PP1N1PP1/R2Q1RK1 b - - 0 11,6,-56,NULL,g7f6,e7f6,0.007
rnbq1rk1/ppppb1pp/5n2/4ppB1/2P5/2NP4/PP1QPPPP/2KR1BNR b - - 7 6,6,-70,NULL,a7a5,c7c6,0.009
1r3rk1/p3qppp/4p3/3p4/N3n3/1P6/P3QPPP/R4RK1 w - - 0 18,6,-231,NULL,e2e3,f1c1,0.007
8/8/1p6/p3kB1P/6P1/1P3pr1/P7/4K3 b - - 1 43,6,-448,NULL,g3h3,e5f4,0.008
4r1k1/pp2npp1/3p2rp/2p5/2PnP1PK/P2PN3/2PN1R2/8 w - - 1 33,6,-505,NULL,c2c3,a3a4,0.007
r2q1rk1/p5pp/1p1p2n1/2pP2b1/3pP3/1P1Q1P1P/P3N1P1/R3KB1R w KQ - 0 17,6,-306,NULL,h3h4,e1d1,0.006
8/p7/1p1k4/5P2/7B/7P/b4P2/6K1 b - - 0 46,6,-11,NULL,b6b5,a2b1,0.011
r3k2r/1p2q1pp/2p1pn2/b1PpNb2/1B1P4/PQ2P2P/3K1PB1/R6R b kq - 4 21,6,-183,NULL,a5c7,f6d7,0.010
1r3k2/r5p1/p1p2p1p/1p1pnP2/P6K/1B5P/1PP2RP1/5R2 w - - 7 37,6,-241,NULL,f1a1,a4a5,0.005
8/p1p2k2/2p2b2/1p3R2/5P1N/1P3P2/P6P/6K1 w - - 0 39,6,+525,NULL,g1g2,g1f1,0.005
3rr1k1/pp4q1/5p2/2P3p1/1P1P1p1p/P6P/5PP1/2QRK2R w K - 1 29,6,+26,NULL,e1f1,e1d2,0.013
2kr1b1r/ppp1pppp/8/4P3/1B3P2/P1N2K2/1P4PP/n4B1R w - - 2 18,6,-185,NULL,f1c4,c3e4,0.010
6k1/p4p1p/6p1/8/P7/1P2P1P1/1r2qP1P/R3R1K1 b - - 4 33,6,NULL,#-2,e2f2,e2c2,0.005
rn3rk1/1b3pbp/pq1ppnp1/6B1/2p1P3/P1NP1PP1/2P1N1BP/R2Q1R1K w - - 0 15,6,+57,NULL,d3d4,d1d2,0.010
r1bqkbnr/pp4pp/2n1pP2/2pp4/3P4/2P2N2/PP3PPP/RNBQKB1R b KQkq - 0 6,8,-16,NULL,g8f6,g7f6,0.027
rn1qk1nr/pbp1bppp/1p1pp3/8/3PP3/2N1BN2/PPP1BPPP/R2QK2R b KQkq - 3 6,8,+77,NULL,b8d7,d6d5,0.017
2kr1b1r/ppnnp1p1/2p3bp/8/2PP1q2/1PB2P1B/P2N4/R3K1NR b KQ - 1 22,8,-781,NULL,e7e6,f4h4,0.009
r1bq1rk1/pp1p1ppp/1b3n2/n1pP4/4P3/P2B1N2/1P3PPP/RNBQ1RK1 b - - 0 10,8,+104,NULL,c5c4,d8c7,0.013
r1b1kbnr/pp3ppp/2n1p3/2p1P3/3p1P2/3P1N2/PqPN1BPP/R2QKB1R b KQkq - 1 8,8,-134,NULL,c6b4,g8e7,0.036
8/pp4pp/b3N1k1/8/7P/2P5/PP2qK2/8 w - - 2 39,8,-771,NULL,f2g1,f2g3,0.011
r6k/1pp3p1/1b4p1/p2Qp3/P3P2q/5P1P/1PP2P1K/R4R2 w - - 0 26,8,+309,NULL,d5e6,d5e5,0.011
3n4/p2pk1p1/5pB1/1qpQp3/1r6/4PN2/2P1KPPP/3R4 w - - 6 26,8,+490,NULL,e2e1,g6d3,0.010
r2qkbnr/ppp1pppp/8/3p1b2/1n6/3PP3/PPP1NPPP/RNBQKB1R b KQkq - 0 5,8,-45,NULL,c7c5,e7e5,0.027
r1b2rk1/pp3pp1/2p1p2q/3n2Nn/2BP3P/2N3Q1/PPP5/1K3R1R w - - 11 22,8,+167,NULL,g3d6,g3e1,0.027
r1bqk1nr/pp2bppp/2n1p3/2p5/3pPP2/3P1B2/PPP1N1PP/RNBQ1RK1 b kq - 3 7,8,+41,NULL,g8f6,g8h6,0.025
2kr1r2/pp2R3/3q4/3P3p/8/2N2P2/PPP3PK/R2Q4 w - - 1 21,8,+107,NULL,h2g1,h2h1,0.025
r1b2rk1/1p3ppp/8/6q1/1PB2n2/1Q2B2P/P4PP1/3R1RK1 w - - 3 23,8,+262,NULL,c4f7,e3f4,0.014
4r1k1/7p/2p2qb1/p1p1ppR1/2Pp1P2/1P1P2Q1/P5P1/4R1K1 b - - 1 35,8,+123,NULL,e5e4,g8f7,0.009
rnb1k2r/ppppqppp/8/8/1b2nB2/2NP1N2/PPP3PP/R2QKB1R w KQkq - 0 7,8,+362,NULL,d3e4,d1e2,0.010
5k2/5pp1/K6p/8/4PN2/5P2/6PP/4n3 w - - 1 39,8,-6,NULL,h2h4,a6b5,0.011
r7/B1R1k1pp/3p1p1n/4p3/1P6/5P2/P4P1P/6K1 b - - 2 22,8,+262,NULL,e7e6,e7d8,0.023
rnb1kbnr/1p1p1q1p/2pB1p2/p1P3p1/3QP3/P1N2N2/1P3PPP/R3KB1R b KQkq - 0 10,8,+313,NULL,f8d6,b7b5,0.011
r2qk2r/1b1pbppp/2n1pn2/8/1p6/1N2PN2/PP1BBPPP/R2Q1RK1 w kq - 4 12,8,-27,NULL,d1c2,h2h3,0.023
r2qr1k1/1p3p1p/p1p2n2/5B2/5B2/8/P1P4P/1R3RK1 b - - 2 30,8,-536,NULL,d8d4,g8h8,0.011
8/2n4p/1p2P1p1/1r3n2/p2P2Pk/P4N1P/4NP2/2R3K1 b - - 1 35,8,+515,NULL,h4h3,NULL,0.003
r2qk2r/p4ppp/2p1bn2/b2p4/N7/4B1PP/PP2PPB1/R2Q1RK1 b kq - 6 13,8,+67,NULL,e8g8,a5b6,0.034
4r2r/pbk1q2p/1ppp1pp1/8/3PPbQ1/2N5/PPP2PPP/R4RK1 w - - 0 16,8,+188,NULL,g4f4,a2a4,0.013
8/8/8/4K3/8/4q3/4k3/8 w - - 12 83,8,-420,NULL,e5d6,e5f6,0.010
r4rk1/pp1bqppp/2n2n2/4p3/3p4/6N1/P1PN1PPP/R2Q1RK1 w - - 6 15,8,-578,NULL,a1b1,f1e1,0.011
rr4k1/5pp1/2nq1n1p/p3p2P/3pP2R/5B2/PpP1QPPB/1K1R4 w - - 2 24,8,-402,NULL,h2g3,f3g4,0.022
r2q1r2/pbpp1pkp/1pn1p1p1/8/3PP1n1/2PB1N2/PP3PPP/RNQ2RK1 w - - 0 11,8,+78,NULL,h2h3,f1e1,0.034
6k1/qp4p1/4Qp2/5B1p/4P3/5P1P/6PK/5b2 b - - 13 43,8,+509,NULL,g8f8,g8h8,0.005
8/8/4k3/6R1/7R/4P3/1P3PPP/6K1 b - - 14 49,8,+1004,NULL,e6f6,e6e7,0.023
N1b3nr/p2k1ppp/1p1p4/1p6/5B2/2N5/PPP2PPP/R3K2R w KQ - 0 15,8,+791,NULL,e1c1,a1d1,0.017
r2q1rk1/4n1bp/ppn1Ppp1/8/8/2NBB3/PPP2PPP/R2Q1RK1 w - - 0 14,8,+348,NULL,d3c4,c3a4,0.012
8/8/4k1p1/1p2ppP1/1Pp1p2P/P1P5/4BK2/8 w - - 1 37,8,+316,NULL,h4h5,f2e3,0.012
8/6pp/p7/4Pk2/5P1P/P1r2K2/8/8 w - - 1 48,8,-643,NULL,f3g2,f3e2,0.010
2b2rk1/R1q1nppp/4p3/1p6/2pP4/B1P1P3/5PPP/4KBNR w K - 0 20,8,+693,NULL,a7c7,a3c5,0.014
1r2k1nr/1b2q1bp/pQn3p1/2pp4/8/2P5/PP1NBP1P/R1BK1R2 w k - 2 18,8,-315,NULL,f1e1,d2b3,0.032
r2qk1nr/ppp2p2/2nb3p/5p2/2pP2p1/P5P1/1P1NPPBP/R1BQ1RK1 w kq - 0 11,8,+264,NULL,d2c4,b2b4,0.024
3r2k1/1p3pp1/p2p3p/8/2q5/1R1R4/P1P4P/1K6 b - - 5 29,8,-749,NULL,d8c8,b7b5,0.012
r3rb1k/ppp2p2/3p4/n3pNQ1/4P3/2qP2PP/P2N2P1/R3R1K1 w - - 0 26,8,+955,NULL,g5f6,d2f3,0.051
8/1q3PK1/8/2kp4/8/5Q2/8/8 w - - 3 65,8,+476,NULL,f3c3,g7h6,0.015
r2qk2r/pp3pbp/2p2np1/1B1Ppb2/8/2P5/PP1P1PPP/nNBK1QNR w kq - 0 12,8,-537,NULL,d5c6,b5c4,0.018
2kr1bnr/p3q1pp/1p1pnp2/2P1p3/7P/B1PP2P1/P3PPbR/RN1QK1N1 b Q - 1 15,8,-354,NULL,g2c6,g2a8,0.010
2kr3r/1pp3pp/p3pp2/2q2n2/1n3P2/1P2PN2/P3Q1PP/R1B2RK1 w - - 0 17,8,-184,NULL,c1a3,g2g4,0.029
r1b1k2r/1p2bppp/1qn1p3/p1p2n2/4N1B1/2PP3P/PP3PPN/R1BQ1RK1 b kq - 1 11,8,-68,NULL,a5a4,e8g8,0.048
r2q1rk1/1b2bp1p/p3p1p1/p2pP3/3B1P2/2NQ2P1/1PP4P/2KRR3 w - - 0 20,8,+18,NULL,g3g4,c1b1,0.044
4k1nr/ppp2ppp/4p3/4N3/8/4P2P/2q3P1/5rK1 w k - 0 28,8,-1030,NULL,g1f1,g1h2,0.009
r4rk1/1p1bq1pp/p3p3/3p1p2/3Nn3/P1PBPQ1P/1P3PP1/R3K2R b KQ - 1 15,8,-170,NULL,e6e5,a8d8,0.033
4k3/1K3pp1/4q2p/8/8/8/8/4n3 b - - 17 52,8,NULL,#-6,g7g5,e1d3,0.010
rnbqkbnr/pp3pp1/2pp3p/4p3/4P3/5N2/PPPPBPPP/RNBQ1RK1 b kq - 1 5,8,+32,NULL,g8f6,f8e7,0.044
4k3/1p6/5K2/6P1/pr6/8/8/8 b - - 1 53,8,-833,NULL,a4a3,b4b6,0.012
rnbqkbnr/1p1p1ppp/p1p1p3/8/5B2/3P2P1/PPP1PPBP/RN1QK1NR b KQkq - 1 4,8,+41,NULL,g8f6,d7d5,0.045
8/2k5/7R/8/1Br3Pp/P4B1P/7K/8 b - g3 0 47,8,+604,NULL,h4g3,c4c2,0.011
r6r/p2bkp2/Q1pp2q1/6np/2P1P1p1/4P1R1/PP1NB1PP/5RK1 w - - 0 22,8,+119,NULL,c4c5,e4e5,0.030
r2qr1k1/1b1nppbp/6p1/3pP3/2p2P2/P1B1P2P/2P1N1P1/R2Q1RK1 b - - 1 19,8,-366,NULL,d8c8,e7e6,0.015
rnbq1knr/pppp2pp/8/2b1Q3/4P3/8/PPPP1PPP/RNB1K1NR b KQ - 0 5,8,-230,NULL,d7d5,d8e7,0.026
r1q1k2r/p2nbpQp/2p2p2/1p2p3/4P3/2NB4/PPP2PPP/R2R2K1 b kq - 3 14,8,+258,NULL,h8f8,d7f8,0.025
2kr3r/pp1qbppp/8/2pP4/2P1RP2/8/PP4PP/R1BQ2K1 b - - 0 16,8,+82,NULL,e7f6,h8e8,0.024
rnbqk1nr/ppp2pb1/4p1pp/3pP3/3P4/2N2N2/PPP2PPP/R1BQKB1R w KQkq - 0 6,8,+127,NULL,b2b4,h2h4,0.033
2r1kb1r/5ppp/b1n2n2/4pPB1/Pp1pP3/1P4Q1/4NKPP/qNR5 w k - 2 19,8,-480,NULL,b1d2,g5f6,0.011
1nr3k1/q4ppp/3np3/3p4/2p5/4PPP1/2Q1N1KP/7R w - - 2 27,8,-499,NULL,c2c3,e2d4,0.014
8/4kp2/P1K4p/8/6P1/7P/1r4P1/R7 b - - 0 39,8,+458,NULL,h6h5,b2g2,0.020
8/p5b1/1pq1N1k1/2p1np2/P7/1B2P3/1BKN4/R7 w - - 3 38,8,+397,NULL,a1g1,e6g7,0.018
r4rk1/1p2nppp/p3bn2/3p4/P1p5/2N1PN1P/1P2BPP1/R1BR2K1 b - - 1 16,8,+415,NULL,b7b5,e7c6,0.015
5rk1/3b2pp/pr3P2/1ppR4/4N1Pq/2P2Q1P/PP3P2/5RK1 b - - 0 25,8,+363,NULL,d7e8,b6f6,0.020
7k/6p1/pp1p3p/2p2q2/2P4P/1P4PK/P2Q4/8 w - - 3 38,8,-18,NULL,h3h2,h3g2,0.021
q2k3r/8/pR2R3/3Bp3/4P3/P2P3P/1PP5/1K6 b - - 14 49,8,+601,NULL,a8a7,a8c8,0.018
3r2k1/pB2R2p/3P1Pp1/1p6/8/8/r5PP/3R2K1 w - - 0 27,8,+874,NULL,b7d5,d6d7,0.016
2K5/2RPk3/7p/1p4p1/p1r5/5P2/5P2/8 b - - 5 46,8,+626,NULL,c4c7,e7e6,0.015
3rk2r/ppp2ppp/2n5/8/1bP1n1b1/P1N1BN2/1P3PPP/R2BR1K1 b k - 0 15,8,+13,NULL,b4c3,e4c3,0.019
r3r2k/1p6/pb1pbnp1/4qp2/1P2p2P/PB6/5PP1/R2Q1RK1 w - - 4 23,8,-692,NULL,b3e6,b3a4,0.010
rn1qk2r/ppp2ppp/8/3p4/3P1P2/2PB1Q2/P1Pn2PP/R3K2R w KQkq - 0 11,8,+67,NULL,e1d2,d3b5,0.027
6k1/1p3p2/2p2KPP/p1P5/2n5/8/8/8 b - - 0 43,8,-377,NULL,f7g6,c4e5,0.009
8/r4pk1/3K2p1/7r/1R6/8/8/8 w - - 0 48,8,-570,NULL,b4b1,b4g4,0.012
4q1k1/p1p1r2r/3p3p/1P1P2p1/6Q1/N2p4/PP2N1PP/2R1K2R b K - 1 28,8,-211,NULL,e7e2,h7f7,0.025
8/8/8/8/6kp/3R4/8/r5K1 w - - 4 58,8,0,NULL,g1g2,g1h2,0.014
3R2r1/4k1p1/5rP1/pp2pP2/1qp5/5K2/2B4Q/8 w - - 2 44,8,+306,NULL,d8g8,h2e5,0.016
rnbq1rk1/6b1/p1p3pp/1pPp1p2/PP1P1P2/3BB3/2Q1N1PP/3R1R1K b - - 0 18,8,+58,NULL,b8d7,d8e8,0.036
rn1qk2r/pp5p/2ppBnpQ/4p3/4P3/3P1N1P/PPP2PP1/R3K2R b KQkq - 2 12,8,+185,NULL,d8e7,b8d7,0.026
8/6pk/7p/3p1p2/3P1P2/p5P1/6K1/1r3N1R w - - 0 38,8,-483,NULL,f1d2,f1e3,0.021
7k/6p1/7p/7K/4r2P/6B1/3n2q1/8 b - - 3 48,8,NULL,#-2,h8h7,g2f3,0.010
r1bqr1k1/pppp1p2/5n1Q/2P1p3/4P3/2PP1N2/P4PPP/R3K2R b KQ - 0 12,8,-211,NULL,f6h7,f6g4,0.016
r4rk1/pppqbpp1/2n2n1p/3p4/3P3B/5B2/PPPN1PPP/R2QR1K1 w - - 4 12,8,+67,NULL,c2c3,d2b3,0.043
r1b1kb1r/pppp1pp1/5q1p/1B1Pp3/3N4/8/PPPP1PPP/R1BQ1RK1 b kq - 0 8,8,+75,NULL,e5d4,a7a6,0.031
8/p2Rq1r1/kpp4Q/8/5P2/2P2K2/2P3PP/3R4 b - - 6 33,8,+690,NULL,e7d7,e7e2,0.013
r3kb1r/ppq2ppb/2p1p2p/3nP2P/3P2PN/2N5/PP1BQP2/2R2RK1 b kq - 2 18,8,-77,NULL,d5b4,a8d8,0.056
6k1/5pp1/p3r2p/1p3N2/1P6/P4Q1P/3q1PP1/5RK1 w - - 3 31,8,+506,NULL,g2g4,f5e3,0.015
2kr1bnr/p1pp1q2/1p2p3/6p1/Q4Pp1/1PPPPbPP/P3K3/1R6 w - - 1 20,8,-784,NULL,e2e1,e2f2,0.010
r1bqk1nr/p1pp1pbp/1p2p1p1/8/3P4/2NPPQ1N/PP3PPP/R1B1K2R w KQkq - 0 8,8,+425,NULL,f3a8,h3g5,0.021
5r1k/pp2q2p/6p1/1PpQp3/P3B3/6P1/5P1P/3R2K1 b - - 0 27,8,+481,NULL,f8f7,h8g7,0.016
7k/p6P/8/3q4/5KP1/8/8/5q2 w - - 6 63,8,NULL,#-2,f4g3,f4e3,0.005
4r1k1/Q3bnp1/1p1p3p/1q1Pp3/4B2P/3PN1P1/5P2/2R3K1 b - - 0 29,8,+360,NULL,f7d8,g8f8,0.015
r3kb1r/ppp1pppp/8/q2N4/3P4/5P2/PPnBQPBP/R3K2R w KQkq - 1 12,8,+299,NULL,e1d1,e1f1,0.007
8/5pp1/5k1p/5P2/4K1P1/8/7P/8 b - - 0 39,8,-233,NULL,f6g5,f6e7,0.015
rn1k1r2/ppp1qb1p/3p4/3P4/2B2Q2/2P1B3/P1P3PP/2K4R w - - 1 19,8,-195,NULL,h1e1,f4h6,0.029
8/K4P2/5Q2/6Q1/8/8/7k/8 w - - 5 76,8,NULL,#+1,f6h8,f6h6,0.006
2k1r2r/pp1n4/1b3np1/1N2pp1p/1P6/6N1/P1PB1PPP/R3R1K1 w - - 1 19,8,+210,NULL,b5d6,c2c4,0.015
1r1q1k1r/p3bp1p/1p1p2p1/3N4/2P5/B2Q1P2/5PPP/1R2R1K1 b - - 2 18,8,+663,NULL,e7g5,e7h4,0.012
3r1rk1/2q2p1p/ppB3p1/1P3bQ1/P1P5/5P2/2p3PP/R3R1K1 w - - 0 24,8,-144,NULL,a1c1,g5g3,0.019
r2qkbnr/pp3ppp/n2p4/2pP4/8/2N2b1P/PPP2PP1/R1BQKB1R w KQkq - 0 8,8,+392,NULL,f1b5,d1f3,0.028
r4rk1/2pb1pp1/p2p1qnp/4p3/2P1P3/3P1N1P/PB3PP1/R2QR1K1 w - - 1 17,8,-57,NULL,b2c1,g1h2,0.043
r3k2r/p1ppn1pp/1p6/2b1QB1q/1nP4P/4P1P1/PP1P1P2/R1B1K1NR w KQkq - 1 14,8,+534,NULL,f5d7,e5e4,0.030
8/pp5p/2p1rkp1/2n2p2/3Rn3/P4B2/2P3K1/8 b - - 5 46,8,-753,NULL,e6e8,b7b5,0.014
rnbqr1k1/pp2bpp1/2pp1nNp/8/2B1P3/P1NP1Q2/1PP2PPP/R1B1K2R b KQ - 1 9,8,+69,NULL,d6d5,c8g4,0.021
1nk2b1r/5ppp/3p2q1/3N4/2B1n3/4P1B1/3P1PPP/N1R3K1 b - - 9 22,8,-148,NULL,c8d8,e4g3,0.038
r2q1rk1/pp2bppp/1np1p3/3pPn2/3P4/2PQ1N1P/PP3PP1/R1B1RNK1 w - - 3 14,8,+49,NULL,e1e2,f1h2,0.034
7B/1R2P3/4k3/8/4P2p/3K2P1/8/8 b - - 0 52,8,+1090,NULL,e6f7,e6d6,0.008
8/1p2r3/ppk5/8/3R2P1/2P5/8/6K1 b - - 0 55,8,-136,NULL,e7f7,b6b5,0.019
1n1qkbnr/Rb2pppp/8/1p6/2pP4/4P3/1P3PPP/2BQKBNR b Kk - 2 9,8,+150,NULL,d8b6,b7d5,0.026
rn2k3/pp5p/2p5/5p2/3rpN2/5b2/PPK2P1P/RN2R3 b q - 1 21,8,-291,NULL,b8d7,b8a6,0.020
r1b2r2/pp3k1p/4p1P1/2ppnp1P/8/2PB4/PPP2P2/2KR3R b - - 0 19,8,-349,NULL,f7f6,h7g6,0.015
r4bnr/ppp2kpp/2n1b3/3p4/3Pq3/1QP1B3/PP3PPP/RN3RK1 w - - 2 11,8,-335,NULL,b3b7,b1d2,0.042
7r/2rkn3/3p3q/3pb3/3pPpRp/1Q1P1P1P/PP1BK3/R6B b - - 3 26,8,+95,NULL,h6f8,h8c8,0.023
r2q1rk1/3bbppp/p1pp1n2/4p1B1/4P3/3B2N1/PPP2PPP/R2Q1RK1 b - - 3 13,8,-17,NULL,h7h6,d7e6,0.035
1r1nr3/pp4k1/2p1pnpp/5p2/2Pq4/P2B1QNP/1P2RPP1/4R1K1 w - - 0 23,8,+50,NULL,d3f5,g3f5,0.025
2r5/1b2kp2/3bPnp1/7p/2B2P2/1PNR3P/4N1P1/7K b - - 0 28,8,+58,NULL,f6e4,f7e6,0.019
rnb1k2r/ppq2pp1/2pb1n2/4p2p/2BPP3/2N2N1P/PP3PP1/R1BQ1RK1 w kq - 0 10,8,+332,NULL,d4e5,f3g5,0.069
r5r1/ppp2k1p/3bbp2/2PQp3/8/8/P2P1PPP/R1B1R1K1 w - - 3 20,8,+464,NULL,d5b7,d5f3,0.020
2kr4/pp4p1/4p3/4p3/2P5/3pNq2/P4P1P/1R1R3K w - - 2 29,8,-521,NULL,h1g1,e3g2,0.007
r3q1k1/pp1nrp1p/6p1/2p3P1/2PB3P/3BP1R1/P2P1P2/6RK b - - 1 29,8,-668,NULL,c5d4,d7e5,0.014
rn3rk1/pp1b1ppp/2q1p1n1/3pP1b1/1P1P4/P1NB1N2/3Q1PPP/R4RK1 w - - 0 16,8,+111,NULL,f3g5,d2g5,0.017
r4rk1/1p1nbppp/1pp5/3pP2b/8/3P1N1P/PP1N1PP1/R1B1R1K1 w - - 1 15,8,-105,NULL,d3d4,g2g4,0.022
r1bqkb1r/pp1p3p/2n1pp2/2pn2NQ/2B5/3P4/PPP2PPP/RNB1K2R b KQkq - 1 8,8,+331,NULL,e8e7,NULL,0.005
2r2rk1/1p3p1p/4pp1n/NP6/P7/4P3/4QPPP/R1q3K1 w - - 0 24,8,-396,NULL,e2d1,e2e1,0.012
6k1/6p1/3Npb1p/8/2p5/4P1P1/1r3PKP/2R5 b - - 3 28,8,+29,NULL,c4c3,b2b6,0.034
3r2k1/5pbp/1r4p1/2p1P3/p3NP2/P6P/1P4P1/1R3RK1 w - - 0 24,8,+131,NULL,e4c5,e4c3,0.018
rnb1k1nr/p4pp1/2pp1q1p/Q3p3/4P3/1B1PBN2/1pP2PPP/1NKR3R w kq - 0 13,8,+483,NULL,c1b2,c1d2,0.012
rn4nr/ppp1kp1p/4b1p1/4N3/4PB2/2PB4/2P3PP/1R3RK1 b - - 3 14,8,+231,NULL,b7b6,g6g5,0.019
8/3N1p1p/3k4/pB1R4/2P4b/1KP5/1P5r/8 b - - 7 45,8,+513,NULL,d6c7,d6e7,0.007
2r2rk1/8/2b1pPp1/1p1pP1Np/pp1B1N2/8/P1P1K3/8 w - - 0 32,8,-125,NULL,f4e6,g5e6,0.022
r2q1rk1/pp3pp1/1np3bp/2b1p3/4P3/2NP1PQN/PPP3PP/R1B1K2R w KQ - 0 15,8,+116,NULL,h3f2,f3f4,0.036
8/8/1p6/8/4K3/8/p2k4/8 b - - 1 60,8,-926,NULL,b6b5,a2a1q,0.020
5r2/4n3/1R5P/1p6/3k2NR/P2B4/1KP5/8 b - - 2 48,8,+805,NULL,e7f5,d4c5,0.013
6k1/8/6p1/R2P3p/4qP2/6P1/5P1P/6K1 b - - 0 39,8,-542,NULL,e4e1,e4b1,0.014
2r2rk1/1p2q1pp/p1n1p1n1/3pP1N1/8/P2Q2B1/1P3PPP/4RRK1 w - - 5 23,8,-52,NULL,f2f4,g5f3,0.039
7r/7p/kpp5/p6P/2PP2R1/1K6/1P2r3/8 b - - 0 39,8,-570,NULL,e2h2,h8e8,0.010
8/5r1k/8/2R3K1/8/8/8/8 w - - 1 51,8,+1,NULL,c5c3,c5c1,0.020
8/p1rp4/1p4Rp/2p1r2P/4kR2/6P1/PPP5/2K5 b - - 3 34,8,+184,NULL,e4e3,e4d5,0.006
8/2k5/ppbp4/3p4/3P1K2/2P5/2P4P/8 b - - 1 50,8,-495,NULL,a6a5,c7d8,0.012
1nbqk1nr/8/r1pppp1b/pp6/1P1PP1p1/P1N5/2PBBPPN/R2QR1K1 w k - 2 15,8,+214,NULL,d2h6,h2g4,0.019
4rrk1/ppb2ppp/2p2n2/8/3B4/1P2RQ1N/P1PP1PPq/R4K2 w - - 4 20,8,+210,NULL,d4f6,a1e1,0.032
r1bq1rk1/ppp1npp1/2np3p/2b1P3/2Bp1B2/5N2/PPP2PPP/RN1QR1K1 w - - 0 9,8,-97,NULL,e5d6,f4g3,0.021
5r2/pp1b1k2/1q2p2p/3pP1p1/3Qnp2/N1P5/PP2PPPP/R3KB1R b KQ - 2 16,8,-14,NULL,b6b2,b6c7,0.016
2b2rk1/R1N3pn/1Q1p4/3Pp1q1/1P2p3/7P/2P2PPN/6K1 b - - 0 26,8,-351,NULL,c8h3,g5c1,0.012
2k5/p1p5/1p3q2/3p2p1/1P1Np1P1/2P5/P1KN1R2/8 b - - 0 27,8,-589,NULL,f6f2,f6e7,0.018
rnb1k1nr/pp6/2pp3b/4p3/2B1P2p/P1NPB2N/1PPQ2q1/2KR3R b kq - 5 18,8,-60,NULL,c8h3,g2d2,0.033
r3k1nr/ppp3p1/2np4/4pp1p/4P1bq/P1PP1P2/2P1K2P/R1BQ1BR1 b kq - 1 11,8,-505,NULL,f5f4,h4h2,0.017
4r3/5R2/6p1/P5k1/8/1P6/1KP2p2/8 b - - 1 38,8,+209,NULL,e8e2,e8e5,0.013
r1b2rk1/pp1p1ppp/4pn2/2b3q1/N7/2B5/P1P1BPPP/1R1Q1RK1 w - - 6 15,8,+142,NULL,h2h4,c3f6,0.031
2br1rk1/7p/p1ppp1pn/1p6/3PNPP1/3B4/PPP2R2/1K2R3 w - - 0 28,8,-20,NULL,g4g5,d3e2,0.038
r1bq1rk1/p4ppp/2p2n2/2b1p3/8/2N2N2/PPPP1PPP/R1BQ1RK1 w - - 0 9,8,+115,NULL,d2d3,f3e5,0.029
r2qr1k1/pb1n2pp/1p6/3pNp2/3Pn3/B2BQ3/P1P2PPP/R4RK1 w - - 2 16,8,+155,NULL,f2f3,f1e1,0.032
2R5/5kp1/4p2p/pK1p2pP/1p3r2/1P6/r7/2R5 b - - 1 41,8,-468,NULL,d5d4,a5a4,0.016
r3k2r/ppp1nppp/2n1b3/2q1p3/8/1P1P1N1P/P1P1BPP1/R1BQR1K1 b kq - 0 12,8,+59,NULL,c6d4,a8d8,0.053
r1b2r1k/pp2Nppp/2p5/3p4/8/3BBP2/P1P2P1P/R3K2R w KQ - 0 18,8,+598,NULL,e1c1,h1g1,0.015
r2q1rk1/1p1bbppp/p1nppn2/1Bp5/4P3/P1NPBN2/1PP2PPP/R2Q1RK1 w - - 0 10,8,-51,NULL,b5c4,b5c6,0.019
4r1k1/5p1p/p5p1/5b2/3R1PB1/2B1r1P1/PP3K1P/3R4 b - - 0 25,8,+54,NULL,f5g4,a6a5,0.013
5rk1/5p1p/6p1/3Q4/3PP3/q4K1P/5PP1/8 w - - 5 35,8,-509,NULL,f3f4,f3g4,0.020
8/8/4k3/p1p3b1/P1P1PpP1/1P6/5K2/1b1B4 b - - 0 44,8,-530,NULL,g5e7,b1e4,0.012
B7/1R2bk1p/4p1p1/1P2r3/3p4/1RnP2P1/2P2P1P/6K1 b - - 4 35,8,+370,NULL,e5e1,g6g5,0.018
r2qk2r/ppp2p2/2pb1n1p/4p1p1/4P3/3P1bB1/PPPN1PPP/R2Q1RK1 w kq - 0 11,8,+70,NULL,d1f3,d2f3,0.026
rn2kbnr/ppp1pppp/8/3b4/8/5P2/PPPP2PP/RNB1KBNR b KQkq - 0 5,8,-34,NULL,b8c6,d5e6,0.028
8/8/8/p3p3/K1kp1p1p/P4P1P/3b2P1/2N5 w - - 1 40,8,-530,NULL,c1b3,g2g3,0.018
rn1q1rk1/1b2bppp/3p3B/3Pp3/1p4R1/2NQ2P1/5PBP/4R1K1 b - - 1 22,8,+73,NULL,g7g6,f7f5,0.057
3r4/Nkp5/1p6/5pp1/3np2p/1P6/R4PPP/7K w - - 0 33,8,-551,NULL,b3b4,g2g3,0.015
rnq2rk1/pb1pnpbp/1p1Pp1p1/6B1/8/2N2N2/PPP2PPP/R2QKB1R w KQ - 1 10,8,+310,NULL,d6e7,g5e7,0.019
q5k1/5pp1/2r2n1p/8/1Q1P4/2N1PN1P/3K1PP1/r1B4R w - - 0 26,8,-70,NULL,b4b3,d2e2,0.076
3k4/1R6/p1pB4/6b1/PPP5/4p3/6P1/5K2 b - - 0 44,8,+687,NULL,d8c8,a6a5,0.020
5r1k/p1p3pp/6r1/4Rpq1/1PBp4/P2P1Q2/2P2PPP/4R1K1 w - - 11 24,8,+592,NULL,c4f7,e5e8,0.014
3r2k1/r4p2/5p2/2Pb1N2/1P3P2/6Pp/P1RR1K1P/8 b - - 4 40,8,+507,NULL,g8f8,a7d7,0.014
8/8/p1P5/5P2/1k6/8/4K3/8 b - - 0 43,8,+656,NULL,a6a5,b4c5,0.028
r3k3/pp3pp1/2p1p1p1/8/1P2P3/2PK4/P4q1r/R2QR3 b q - 1 22,8,NULL,#-3,e8c8,a8d8,0.014
r5r1/p3Rp1k/1p4bp/2pR4/3p1P2/P7/1P5K/8 b - - 0 29,8,-593,NULL,a8d8,a8e8,0.014
8/7p/6pk/8/PP2Q2P/8/8/1K3q2 w - - 1 41,8,+239,NULL,b1c2,b1b2,0.011
3r2k1/pp3pp1/2p4p/8/1Pb1n3/P3K1P1/6PP/3q4 b - - 3 28,8,NULL,#-2,d1g4,d1d4,0.009
rnb1kb1r/ppqpnppp/4p3/2p1P3/3P4/1BP2N2/PP1B1PPP/RN1QK2R b KQkq - 6 8,8,+122,NULL,b7b5,h7h6,0.043
r6r/3p4/b1pP1k1p/p1p2p2/P1P5/5N2/1P1K1P2/4R1R1 w - - 2 31,8,NULL,#+3,f3e5,b2b3,0.042
r2qkb1r/pp1n1ppp/4p3/2Pp4/1P2n3/4PN2/P1P2PPP/RNBQ1RK1 b kq - 3 8,8,+90,NULL,f8e7,a7a5,0.029
2r5/2P2R2/8/1p2k2p/PP5P/1K6/8/8 w - - 1 46,8,+451,NULL,f7d7,a4b5,0.008
r1bqkbnr/pppp1ppp/2n5/8/2PPp3/8/PP2PPPP/RNBQKBNR b KQkq - 1 4,8,-25,NULL,d7d5,g8f6,0.039
8/8/1pK5/p1p5/P1P4k/2P4P/8/4q3 b - - 1 48,8,-685,NULL,e1c3,e1e6,0.010
3r2k1/pqp2pb1/4p1pp/4P3/P1N5/8/4QPPP/3R2K1 b - - 0 24,8,-311,NULL,d8d1,d8d5,0.011
8/7p/4p3/3k4/1R1Pb3/P7/6PP/6K1 w - - 3 34,8,+533,NULL,b4b8,g1f2,0.010
r3qrk1/6pp/2pB4/1pQp4/p3b1B1/2P1P2P/PP4P1/R5K1 b - - 3 29,8,-350,NULL,f8f6,e8f7,0.017
8/1R4k1/3r2p1/p3Np2/P2b4/5P1P/5PK1/5R2 b - - 4 34,8,+612,NULL,g7f6,g7g8,0.010
8/6kp/p1N3p1/1p1p2p1/6b1/2bBp1P1/P7/5K2 b - - 1 40,8,-641,NULL,g7f6,h7h6,0.010
r1b1k1nr/pp1p1p1p/1q2p1p1/2b1P3/5Q2/2P5/PP1B1PPP/RN2KB1R b KQkq - 3 10,8,-260,NULL,b6b2,d7d5,0.015
2r3k1/2r1qp2/p3pNp1/1p1p2P1/3P4/1PP1R1Q1/P4P2/7K b - - 1 39,8,+179,NULL,g8f8,e7f6,0.025
r2q1rk1/pp2bppp/2n1pB2/3p3b/3P4/2PB1N1P/PP1N1PP1/R2Q1RK1 b - - 0 11,8,-57,NULL,g7f6,e7f6,0.020
rnbq1rk1/ppppb1pp/5n2/4ppB1/2P5/2NP4/PP1QPPPP/2KR1BNR b - - 7 6,8,-71,NULL,d7d6,c7c6,0.019
1r3rk1/p3qppp/4p3/3p4/N3n3/1P6/P3QPPP/R4RK1 w - - 0 18,8,-207,NULL,a4b2,a1c1,0.011
8/8/1p6/p3kB1P/6P1/1P3pr1/P7/4K3 b - - 1 43,8,-475,NULL,g3h3,e5f4,0.012
4r1k1/pp2npp1/3p2rp/2p5/2PnP1PK/P2PN3/2PN1R2/8 w - - 1 33,8,-563,NULL,e3f5,a3a4,0.009
r2q1rk1/p5pp/1p1p2n1/2pP2b1/3pP3/1P1Q1P1P/P3N1P1/R3KB1R w KQ - 0 17,8,-330,NULL,e2c1,h3h4,0.019
8/p7/1p1k4/5P2/7B/7P/b4P2/6K1 b - - 0 46,8,-7,NULL,b6b5,a2b1,0.015
r3k2r/1p2q1pp/2p1pn2/b1PpNb2/1B1P4/PQ2P2P/3K1PB1/R6R b kq - 4 21,8,-196,NULL,a5c7,a5d8,0.023
1r3k2/r5p1/p1p2p1p/1p1pnP2/P6K/1B5P/1PP2RP1/5R2 w - - 7 37,8,-210,NULL,f1a1,a4a5,0.013
8/p1p2k2/2p2b2/1p3R2/5P1N/1P3P2/P6P/6K1 w - - 0 39,8,+557,NULL,g1f1,f5f6,0.014
3rr1k1/pp4q1/5p2/2P3p1/1P1P1p1p/P6P/5PP1/2QRK2R w K - 1 29,8,+58,NULL,e1f1,e1d2,0.008
2kr1b1r/ppp1pppp/8/4P3/1B3P2/P1N2K2/1P4PP/n4B1R w - - 2 18,8,-170,NULL,f1c4,c3e4,0.050
6k1/p4p1p/6p1/8/P7/1P2P1P1/1r2qP1P/R3R1K1 b - - 4 33,8,NULL,#-2,e2f2,e2f3,0.009
rn3rk1/1b3pbp/pq1ppnp1/6B1/2p1P3/P1NP1PP1/2P1N1BP/R2Q1R1K w - - 0 15,8,+83,NULL,d3d4,d1d2,0.049
r1bqkbnr/pp4pp/2n1pP2/2pp4/3P4/2P2N2/PP3PPP/RNBQKB1R b KQkq - 0 6,10,-27,NULL,g8f6,g7f6,0.088
rn1qk1nr/pbp1bppp/1p1pp3/8/3PP3/2N1BN2/PPP1BPPP/R2QK2R b KQkq - 3 6,10,+52,NULL,g8f6,a7a6,0.104
2kr1b1r/ppnnp1p1/2p3bp/8/2PP1q2/1PB2P1B/P2N4/R3K1NR b KQ - 1 22,10,-738,NULL,f4h4,e7e6,0.023
r1bq1rk1/pp1p1ppp/1b3n2/n1pP4/4P3/P2B1N2/1P3PPP/RNBQ1RK1 b - - 0 10,10,+112,NULL,c5c4,d8c7,0.069
r1b1kbnr/pp3ppp/2n1p3/2p1P3/3p1P2/3P1N2/PqPN1BPP/R2QKB1R b KQkq - 1 8,10,-176,NULL,c6b4,g8e7,0.159
8/pp4pp/b3N1k1/8/7P/2P5/PP2qK2/8 w - - 2 39,10,-894,NULL,f2g3,f2g1,0.012
r6k/1pp3p1/1b4p1/p2Qp3/P3P2q/5P1P/1PP2P1K/R4R2 w - - 0 26,10,+345,NULL,d5e5,d5e6,0.052
3n4/p2pk1p1/5pB1/1qpQp3/1r6/4PN2/2P1KPPP/3R4 w - - 6 26,10,+507,NULL,e2e1,d1d3,0.053
r2qkbnr/ppp1pppp/8/3p1b2/1n6/3PP3/PPP1NPPP/RNBQKB1R b KQkq - 0 5,10,-58,NULL,c7c5,b4c6,0.098
r1b2rk1/pp3pp1/2p1p2q/3n2Nn/2BP3P/2N3Q1/PPP5/1K3R1R w - - 11 22,10,+189,NULL,g3d6,g3e1,0.131
r1bqk1nr/pp2bppp/2n1p3/2p5/3pPP2/3P1B2/PPP1N1PP/RNBQ1RK1 b kq - 3 7,10,+41,NULL,e6e5,g8f6,0.111
2kr1r2/pp2R3/3q4/3P3p/8/2N2P2/PPP3PK/R2Q4 w - - 1 21,10,+124,NULL,h2g1,h2h1,0.101
r1b2rk1/1p3ppp/8/6q1/1PB2n2/1Q2B2P/P4PP1/3R1RK1 w - - 3 23,10,+335,NULL,c4f7,e3f4,0.067
4r1k1/7p/2p2qb1/p1p1ppR1/2Pp1P2/1P1P2Q1/P5P1/4R1K1 b - - 1 35,10,+159,NULL,e5e4,e8e6,0.032
rnb1k2r/ppppqppp/8/8/1b2nB2/2NP1N2/PPP3PP/R2QKB1R w KQkq - 0 7,10,+373,NULL,d3e4,d1e2,0.032
5k2/5pp1/K6p/8/4PN2/5P2/6PP/4n3 w - - 1 39,10,-2,NULL,a6b5,a6b6,0.045
r7/B1R1k1pp/3p1p1n/4p3/1P6/5P2/P4P1P/6K1 b - - 2 22,10,+316,NULL,e7d8,e7e6,0.124
rnb1kbnr/1p1p1q1p/2pB1p2/p1P3p1/3QP3/P1N2N2/1P3PPP/R3KB1R b KQkq - 0 10,10,+355,NULL,f8d6,b7b5,0.058
r2qk2r/1b1pbppp/2n1pn2/8/1p6/1N2PN2/PP1BBPPP/R2Q1RK1 w kq - 4 12,10,-26,NULL,d1c2,h2h3,0.170
r2qr1k1/1p3p1p/p1p2n2/5B2/5B2/8/P1P4P/1R3RK1 b - - 2 30,10,-562,NULL,d8d4,g8h8,0.027
8/2n4p/1p2P1p1/1r3n2/p2P2Pk/P4N1P/4NP2/2R3K1 b - - 1 35,10,+565,NULL,h4h3,NULL,0.007
r2qk2r/p4ppp/2p1bn2/b2p4/N7/4B1PP/PP2PPB1/R2Q1RK1 b kq - 6 13,10,+67,NULL,e8g8,d8c8,0.157
4r2r/pbk1q2p/1ppp1pp1/8/3PPbQ1/2N5/PPP2PPP/R4RK1 w - - 0 16,10,+170,NULL,g4f4,f1d1,0.045
8/8/8/4K3/8/4q3/4k3/8 w - - 12 83,10,-452,NULL,e5d6,e5d5,0.013
r4rk1/pp1bqppp/2n2n2/4p3/3p4/6N1/P1PN1PPP/R2Q1RK1 w - - 6 15,10,-577,NULL,a2a4,f2f4,0.019
rr4k1/5pp1/2nq1n1p/p3p2P/3pP2R/5B2/PpP1QPPB/1K1R4 w - - 2 24,10,-401,NULL,e2c4,f3g4,0.103
r2q1r2/pbpp1pkp/1pn1p1p1/8/3PP1n1/2PB1N2/PP3PPP/RNQ2RK1 w - - 0 11,10,+81,NULL,h2h3,f1e1,0.098
6k1/qp4p1/4Qp2/5B1p/4P3/5P1P/6PK/5b2 b - - 13 43,10,+507,NULL,g8f8,g8h8,0.015
8/8/4k3/6R1/7R/4P3/1P3PPP/6K1 b - - 14 49,10,+1174,NULL,e6f7,e6f6,0.038
N1b3nr/p2k1ppp/1p1p4/1p6/5B2/2N5/PPP2PPP/R3K2R w KQ - 0 15,10,+789,NULL,e1c1,c3b5,0.022
r2q1rk1/4n1bp/ppn1Ppp1/8/8/2NBB3/PPP2PPP/R2Q1RK1 w - - 0 14,10,+346,NULL,d3c4,d3e4,0.044
8/8/4k1p1/1p2ppP1/1Pp1p2P/P1P5/4BK2/8 w - - 1 37,10,+502,NULL,f2e3,f2f1,0.064
8/6pp/p7/4Pk2/5P1P/P1r2K2/8/8 w - - 1 48,10,-686,NULL,f3g2,f3f2,0.009
2b2rk1/R1q1nppp/4p3/1p6/2pP4/B1P1P3/5PPP/4KBNR w K - 0 20,10,+702,NULL,a7c7,a3c5,0.018
1r2k1nr/1b2q1bp/pQn3p1/2pp4/8/2P5/PP1NBP1P/R1BK1R2 w k - 2 18,10,-332,NULL,d2b3,f1e1,0.039
r2qk1nr/ppp2p2/2nb3p/5p2/2pP2p1/P5P1/1P1NPPBP/R1BQ1RK1 w kq - 0 11,10,+276,NULL,d2c4,a1a2,0.076
3r2k1/1p3pp1/p2p3p/8/2q5/1R1R4/P1P4P/1K6 b - - 5 29,10,-717,NULL,d8c8,g8h8,0.024
r3rb1k/ppp2p2/3p4/n3pNQ1/4P3/2qP2PP/P2N2P1/R3R1K1 w - - 0 26,10,+1262,NULL,g5h4,g5f6,1.423
8/1q3PK1/8/2kp4/8/5Q2/8/8 w - - 3 65,10,+535,NULL,f3c3,g7g8,0.033
r2qk2r/pp3pbp/2p2np1/1B1Ppb2/8/2P5/PP1P1PPP/nNBK1QNR w kq - 0 12,10,-554,NULL,d5c6,b5d3,0.033
2kr1bnr/p3q1pp/1p1pnp2/2P1p3/7P/B1PP2P1/P3PPbR/RN1QK1N1 b Q - 1 15,10,-357,NULL,g2c6,g2b7,0.047
2kr3r/1pp3pp/p3pp2/2q2n2/1n3P2/1P2PN2/P3Q1PP/R1B2RK1 w - - 0 17,10,-191,NULL,c1a3,g2g4,0.095
r1b1k2r/1p2bppp/1qn1p3/p1p2n2/4N1B1/2PP3P/PP3PPN/R1BQ1RK1 b kq - 1 11,10,-68,NULL,a5a4,b6c7,0.157
r2q1rk1/1b2bp1p/p3p1p1/p2pP3/3B1P2/2NQ2P1/1PP4P/2KRR3 w - - 0 20,10,+35,NULL,g3g4,c1b1,0.206
4k1nr/ppp2ppp/4p3/4N3/8/4P2P/2q3P1/5rK1 w k - 0 28,10,-1075,NULL,g1f1,g1h2,0.010
r4rk1/1p1bq1pp/p3p3/3p1p2/3Nn3/P1PBPQ1P/1P3PP1/R3K2R b KQ - 1 15,10,-186,NULL,e6e5,a8d8,0.143
4k3/1K3pp1/4q2p/8/8/8/8/4n3 b - - 17 52,10,NULL,#-5,f7f6,e1d3,0.013
rnbqkbnr/pp3pp1/2pp3p/4p3/4P3/5N2/PPPPBPPP/RNBQ1RK1 b kq - 1 5,10,+35,NULL,g8f6,f8e7,0.094
4k3/1p6/5K2/6P1/pr6/8/8/8 b - - 1 53,10,-1025,NULL,a4a3,b4b2,0.025
rnbqkbnr/1p1p1ppp/p1p1p3/8/5B2/3P2P1/PPP1PPBP/RN1QK1NR b KQkq - 1 4,10,+39,NULL,g8f6,c6c5,0.071
8/2k5/7R/8/1Br3Pp/P4B1P/7K/8 b - g3 0 47,10,+624,NULL,h4g3,c4c2,0.036
r6r/p2bkp2/Q1pp2q1/6np/2P1P1p1/4P1R1/PP1NB1PP/5RK1 w - - 0 22,10,+134,NULL,c4c5,e4e5,0.101
r2qr1k1/1b1nppbp/6p1/3pP3/2p2P2/P1B1P2P/2P1N1P1/R2Q1RK1 b - - 1 19,10,-337,NULL,e7e6,d8c7,0.042
rnbq1knr/pppp2pp/8/2b1Q3/4P3/8/PPPP1PPP/RNB1K1NR b KQ - 0 5,10,-226,NULL,d7d5,d7d6,0.081
r1q1k2r/p2nbpQp/2p2p2/1p2p3/4P3/2NB4/PPP2PPP/R2R2K1 b kq - 3 14,10,+257,NULL,h8f8,d7f8,0.032
2kr3r/pp1qbppp/8/2pP4/2P1RP2/8/PP4PP/R1BQ2K1 b - - 0 16,10,+77,NULL,d8e8,h8e8,0.120
rnbqk1nr/ppp2pb1/4p1pp/3pP3/3P4/2N2N2/PPP2PPP/R1BQKB1R w KQkq - 0 6,10,+140,NULL,b2b4,f1d3,0.075
2r1kb1r/5ppp/b1n2n2/4pPB1/Pp1pP3/1P4Q1/4NKPP/qNR5 w k - 2 19,10,-632,NULL,g5f6,b1d2,0.036
1nr3k1/q4ppp/3np3/3p4/2p5/4PPP1/2Q1N1KP/7R w - - 2 27,10,-510,NULL,g3g4,e2d4,0.029
8/4kp2/P1K4p/8/6P1/7P/1r4P1/R7 b - - 0 39,10,+532,NULL,e7f6,b2c2,0.033
8/p5b1/1pq1N1k1/2p1np2/P7/1B2P3/1BKN4/R7 w - - 3 38,10,+423,NULL,b3d5,a1g1,0.045
r4rk1/1p2nppp/p3bn2/3p4/P1p5/2N1PN1P/1P2BPP1/R1BR2K1 b - - 1 16,10,+424,NULL,b7b5,e7c6,0.019
5rk1/3b2pp/pr3P2/1ppR4/4N1Pq/2P2Q1P/PP3P2/5RK1 b - - 0 25,10,+366,NULL,d7e8,b6f6,0.028
7k/6p1/pp1p3p/2p2q2/2P4P/1P4PK/P2Q4/8 w - - 3 38,10,-26,NULL,h3h2,h3g2,0.042
q2k3r/8/pR2R3/3Bp3/4P3/P2P3P/1PP5/1K6 b - - 14 49,10,+627,NULL,a8a7,a8c8,0.060
3r2k1/pB2R2p/3P1Pp1/1p6/8/8/r5PP/3R2K1 w - - 0 27,10,+1315,NULL,b7d5,d6d7,0.051
2K5/2RPk3/7p/1p4p1/p1r5/5P2/5P2/8 b - - 5 46,10,+578,NULL,e7e6,h6h5,0.035
3rk2r/ppp2ppp/2n5/8/1bP1n1b1/P1N1BN2/1P3PPP/R2BR1K1 b k - 0 15,10,+19,NULL,b4c3,e4c3,0.060
r3r2k/1p6/pb1pbnp1/4qp2/1P2p2P/PB6/5PP1/R2Q1RK1 w - - 4 23,10,-696,NULL,b3e6,b4b5,0.021
rn1qk2r/ppp2ppp/8/3p4/3P1P2/2PB1Q2/P1Pn2PP/R3K2R w KQkq - 0 11,10,+82,NULL,e1d2,d3b5,0.108
6k1/1p3p2/2p2KPP/p1P5/2n5/8/8/8 b - - 0 43,10,-541,NULL,f7g6,c4e5,0.021
8/r4pk1/3K2p1/7r/1R6/8/8/8 w - - 0 48,10,-619,NULL,b4b6,b4c4,0.027
4q1k1/p1p1r2r/3p3p/1P1P2p1/6Q1/N2p4/PP2N1PP/2R1K2R b K - 1 28,10,-200,NULL,e7e2,h7f7,0.084
8/8/8/8/6kp/3R4/8/r5K1 w - - 4 58,10,0,NULL,g1h2,g1g2,0.016
3R2r1/4k1p1/5rP1/pp2pP2/1qp5/5K2/2B4Q/8 w - - 2 44,10,+335,NULL,d8g8,h2e5,0.063
rnbq1rk1/6b1/p1p3pp/1pPp1p2/PP1P1P2/3BB3/2Q1N1PP/3R1R1K b - - 0 18,10,+59,NULL,d8e8,b8d7,0.165
rn1qk2r/pp5p/2ppBnpQ/4p3/4P3/3P1N1P/PPP2PP1/R3K2R b KQkq - 2 12,10,+195,NULL,d8e7,b8a6,0.106
8/6pk/7p/3p1p2/3P1P2/p5P1/6K1/1r3N1R w - - 0 38,10,-475,NULL,f1d2,f1e3,0.164
7k/6p1/7p/7K/4r2P/6B1/3n2q1/8 b - - 3 48,10,NULL,#-2,h8h7,g2f3,0.010
r1bqr1k1/pppp1p2/5n1Q/2P1p3/4P3/2PP1N2/P4PPP/R3K2R b KQ - 0 12,10,-224,NULL,f6h7,f6g4,0.039
r4rk1/pppqbpp1/2n2n1p/3p4/3P3B/5B2/PPPN1PPP/R2QR1K1 w - - 4 12,10,+64,NULL,c2c3,d2b3,0.151
r1b1kb1r/pppp1pp1/5q1p/1B1Pp3/3N4/8/PPPP1PPP/R1BQ1RK1 b kq - 0 8,10,+89,NULL,e5d4,a7a6,0.091
8/p2Rq1r1/kpp4Q/8/5P2/2P2K2/2P3PP/3R4 b - - 6 33,10,+702,NULL,e7d7,g7h7,0.055
r3kb1r/ppq2ppb/2p1p2p/3nP2P/3P2PN/2N5/PP1BQP2/2R2RK1 b kq - 2 18,10,-67,NULL,c7d8,d5b4,0.221
6k1/5pp1/p3r2p/1p3N2/1P6/P4Q1P/3q1PP1/5RK1 w - - 3 31,10,+505,NULL,f3d1,f1d1,0.027
2kr1bnr/p1pp1q2/1p2p3/6p1/Q4Pp1/1PPPPbPP/P3K3/1R6 w - - 1 20,10,-825,NULL,e2d2,e2e1,0.018
r1bqk1nr/p1pp1pbp/1p2p1p1/8/3P4/2NPPQ1N/PP3PPP/R1B1K2R w KQkq - 0 8,10,+423,NULL,f3a8,h3g5,0.046
5r1k/pp2q2p/6p1/1PpQp3/P3B3/6P1/5P1P/3R2K1 b - - 0 27,10,+474,NULL,a7a6,b7b6,0.032
7k/p6P/8/3q4/5KP1/8/8/5q2 w - - 6 63,10,NULL,#-2,f4g3,f4e3,0.004
4r1k1/Q3bnp1/1p1p3p/1q1Pp3/4B2P/3PN1P1/5P2/2R3K1 b - - 0 29,10,+346,NULL,e7d8,e7f6,0.032
r3kb1r/ppp1pppp/8/q2N4/3P4/5P2/PPnBQPBP/R3K2R w KQkq - 1 12,10,+336,NULL,e1d1,e1f1,0.034
8/5pp1/5k1p/5P2/4K1P1/8/7P/8 b - - 0 39,10,-262,NULL,f6g5,h6h5,0.019
rn1k1r2/ppp1qb1p/3p4/3P4/2B2Q2/2P1B3/P1P3PP/2K4R w - - 1 19,10,-235,NULL,h1f1,f4h6,0.079
8/K4P2/5Q2/6Q1/8/8/7k/8 w - - 5 76,10,NULL,#+1,f6h6,f6h8,0.011
2k1r2r/pp1n4/1b3np1/1N2pp1p/1P6/6N1/P1PB1PPP/R3R1K1 w - - 1 19,10,+225,NULL,b5d6,c2c4,0.063
1r1q1k1r/p3bp1p/1p1p2p1/3N4/2P5/B2Q1P2/5PPP/1R2R1K1 b - - 2 18,10,+737,NULL,e7g5,e7h4,0.037
3r1rk1/2q2p1p/ppB3p1/1P3bQ1/P1P5/5P2/2p3PP/R3R1K1 w - - 0 24,10,-127,NULL,g5e3,g2g4,0.128
r2qkbnr/pp3ppp/n2p4/2pP4/8/2N2b1P/PPP2PP1/R1BQKB1R w KQkq - 0 8,10,+415,NULL,f1b5,d1f3,0.080
r4rk1/2pb1pp1/p2p1qnp/4p3/2P1P3/3P1N1P/PB3PP1/R2QR1K1 w - - 1 17,10,-47,NULL,d3d4,b2c1,0.089
r3k2r/p1ppn1pp/1p6/2b1QB1q/1nP4P/4P1P1/PP1P1P2/R1B1K1NR w KQkq - 1 14,10,+545,NULL,f5d7,e5e4,0.038
8/pp5p/2p1rkp1/2n2p2/3Rn3/P4B2/2P3K1/8 b - - 5 46,10,-763,NULL,b7b5,f6e5,0.024
rnbqr1k1/pp2bpp1/2pp1nNp/8/2B1P3/P1NP1Q2/1PP2PPP/R1B1K2R b KQ - 1 9,10,+72,NULL,d6d5,c8g4,0.063
1nk2b1r/5ppp/3p2q1/3N4/2B1n3/4P1B1/3P1PPP/N1R3K1 b - - 9 22,10,-143,NULL,c8d8,e4g3,0.149
r2q1rk1/pp2bppp/1np1p3/3pPn2/3P4/2PQ1N1P/PP3PP1/R1B1RNK1 w - - 3 14,10,+54,NULL,g2g4,f1d2,0.065
7B/1R2P3/4k3/8/4P2p/3K2P1/8/8 b - - 0 52,10,+1242,NULL,e6f7,e6d6,0.010
8/1p2r3/ppk5/8/3R2P1/2P5/8/6K1 b - - 0 55,10,-224,NULL,a6a5,b6b5,0.052
1n1qkbnr/Rb2pppp/8/1p6/2pP4/4P3/1P3PPP/2BQKBNR b Kk - 2 9,10,+150,NULL,d8b6,b7d5,0.088
rn2k3/pp5p/2p5/5p2/3rpN2/5b2/PPK2P1P/RN2R3 b q - 1 21,10,-349,NULL,b8a6,b8d7,0.029
r1b2r2/pp3k1p/4p1P1/2ppnp1P/8/2PB4/PPP2P2/2KR3R b - - 0 19,10,-339,NULL,f7f6,f7g8,0.034
r4bnr/ppp2kpp/2n1b3/3p4/3Pq3/1QP1B3/PP3PPP/RN3RK1 w - - 2 11,10,-344,NULL,b3b7,b1d2,0.056
7r/2rkn3/3p3q/3pb3/3pPpRp/1Q1P1P1P/PP1BK3/R6B b - - 3 26,10,+83,NULL,h6f8,h8c8,0.128
r2q1rk1/3bbppp/p1pp1n2/4p1B1/4P3/3B2N1/PPP2PPP/R2Q1RK1 b - - 3 13,10,-5,NULL,d7e6,d7g4,0.167
1r1nr3/pp4k1/2p1pnpp/5p2/2Pq4/P2B1QNP/1P2RPP1/4R1K1 w - - 0 23,10,+109,NULL,d3f5,g3f5,0.072
2r5/1b2kp2/3bPnp1/7p/2B2P2/1PNR3P/4N1P1/7K b - - 0 28,10,+67,NULL,f6e4,f7e6,0.101
rnb1k2r/ppq2pp1/2pb1n2/4p2p/2BPP3/2N2N1P/PP3PP1/R1BQ1RK1 w kq - 0 10,10,+357,NULL,d4e5,f3g5,0.385
r5r1/ppp2k1p/3bbp2/2PQp3/8/8/P2P1PPP/R1B1R1K1 w - - 3 20,10,+531,NULL,d5b7,d5f3,0.049
2kr4/pp4p1/4p3/4p3/2P5/3pNq2/P4P1P/1R1R3K w - - 2 29,10,-497,NULL,h1g1,e3g2,0.011
r3q1k1/pp1nrp1p/6p1/2p3P1/2PB3P/3BP1R1/P2P1P2/6RK b - - 1 29,10,-669,NULL,c5d4,d7e5,0.017
rn3rk1/pp1b1ppp/2q1p1n1/3pP1b1/1P1P4/P1NB1N2/3Q1PPP/R4RK1 w - - 0 16,10,+120,NULL,f3g5,d2g5,0.022
r4rk1/1p1nbppp/1pp5/3pP2b/8/3P1N1P/PP1N1PP1/R1B1R1K1 w - - 1 15,10,-90,NULL,d3d4,g2g4,0.070
r1bqkb1r/pp1p3p/2n1pp2/2pn2NQ/2B5/3P4/PPP2PPP/RNB1K2R b KQkq - 1 8,10,+377,NULL,e8e7,NULL,0.024
2r2rk1/1p3p1p/4pp1n/NP6/P7/4P3/4QPPP/R1q3K1 w - - 0 24,10,-392,NULL,e2d1,e2e1,0.038
6k1/6p1/3Npb1p/8/2p5/4P1P1/1r3PKP/2R5 b - - 3 28,10,+34,NULL,c4c3,b2b6,0.056
3r2k1/5pbp/1r4p1/2p1P3/p3NP2/P6P/1P4P1/1R3RK1 w - - 0 24,10,+181,NULL,e4c5,e4c3,0.058
rnb1k1nr/p4pp1/2pp1q1p/Q3p3/4P3/1B1PBN2/1pP2PPP/1NKR3R w kq - 0 13,10,+389,NULL,c1b2,c1d2,0.022
rn4nr/ppp1kp1p/4b1p1/4N3/4PB2/2PB4/2P3PP/1R3RK1 b - - 3 14,10,+220,NULL,b7b6,e6c8,0.211
8/3N1p1p/3k4/pB1R4/2P4b/1KP5/1P5r/8 b - - 7 45,10,+518,NULL,d6c7,d6e7,0.028
2r2rk1/8/2b1pPp1/1p1pP1Np/pp1B1N2/8/P1P1K3/8 w - - 0 32,10,-101,NULL,f4e6,g5e6,0.056
r2q1rk1/pp3pp1/1np3bp/2b1p3/4P3/2NP1PQN/PPP3PP/R1B1K2R w KQ - 0 15,10,+113,NULL,h3f2,f3f4,0.110
8/8/1p6/8/4K3/8/p2k4/8 b - - 1 60,10,-1008,NULL,a2a1q,b6b5,0.024
5r2/4n3/1R5P/1p6/3k2NR/P2B4/1KP5/8 b - - 2 48,10,+843,NULL,d4c5,b5b4,0.035
6k1/8/6p1/R2P3p/4qP2/6P1/5P1P/6K1 b - - 0 39,10,-568,NULL,e4e1,e4b1,0.026
2r2rk1/1p2q1pp/p1n1p1n1/3pP1N1/8/P2Q2B1/1P3PPP/4RRK1 w - - 5 23,10,-46,NULL,f2f4,g5f3,0.174
7r/7p/kpp5/p6P/2PP2R1/1K6/1P2r3/8 b - - 0 39,10,-566,NULL,h8f8,e2e7,0.017
8/5r1k/8/2R3K1/8/8/8/8 w - - 1 51,10,0,NULL,c5d5,c5e5,0.025
8/p1rp4/1p4Rp/2p1r2P/4kR2/6P1/PPP5/2K5 b - - 3 34,10,+186,NULL,e4e3,e4d5,0.016
8/2k5/ppbp4/3p4/3P1K2/2P5/2P4P/8 b - - 1 50,10,-490,NULL,c7d8,c7d7,0.022
1nbqk1nr/8/r1pppp1b/pp6/1P1PP1p1/P1N5/2PBBPPN/R2QR1K1 w k - 2 15,10,+154,NULL,b4a5,d2h6,0.092
4rrk1/ppb2ppp/2p2n2/8/3B4/1P2RQ1N/P1PP1PPq/R4K2 w - - 4 20,10,+154,NULL,d4f6,a1e1,0.095
r1bq1rk1/ppp1npp1/2np3p/2b1P3/2Bp1B2/5N2/PPP2PPP/RN1QR1K1 w - - 0 9,10,-93,NULL,e5d6,f4g3,0.090
5r2/pp1b1k2/1q2p2p/3pP1p1/3Qnp2/N1P5/PP2PPPP/R3KB1R b KQ - 2 16,10,0,NULL,b6b2,b6c7,0.056
2b2rk1/R1N3pn/1Q1p4/3Pp1q1/1P2p3/7P/2P2PPN/6K1 b - - 0 26,10,-376,NULL,c8h3,g5c1,0.041
2k5/p1p5/1p3q2/3p2p1/1P1Np1P1/2P5/P1KN1R2/8 b - - 0 27,10,-622,NULL,f6f2,f6e7,0.072
rnb1k1nr/pp6/2pp3b/4p3/2B1P2p/P1NPB2N/1PPQ2q1/2KR3R b kq - 5 18,10,0,NULL,g2d2,c8h3,0.087
r3k1nr/ppp3p1/2np4/4pp1p/4P1bq/P1PP1P2/2P1K2P/R1BQ1BR1 b kq - 1 11,10,-498,NULL,f5f4,g8f6,0.025
4r3/5R2/6p1/P5k1/8/1P6/1KP2p2/8 b - - 1 38,10,+309,NULL,e8e5,e8e2,0.100
r1b2rk1/pp1p1ppp/4pn2/2b3q1/N7/2B5/P1P1BPPP/1R1Q1RK1 w - - 6 15,10,+215,NULL,h2h4,c3f6,0.046
2br1rk1/7p/p1ppp1pn/1p6/3PNPP1/3B4/PPP2R2/1K2R3 w - - 0 28,10,-41,NULL,g4g5,d3e2,0.274
r1bq1rk1/p4ppp/2p2n2/2b1p3/8/2N2N2/PPPP1PPP/R1BQ1RK1 w - - 0 9,10,+115,NULL,f3e5,d2d3,0.148
r2qr1k1/pb1n2pp/1p6/3pNp2/3Pn3/B2BQ3/P1P2PPP/R4RK1 w - - 2 16,10,+156,NULL,f2f3,a1e1,0.119
2R5/5kp1/4p2p/pK1p2pP/1p3r2/1P6/r7/2R5 b - - 1 41,10,-476,NULL,a5a4,d5d4,0.057
r3k2r/ppp1nppp/2n1b3/2q1p3/8/1P1P1N1P/P1P1BPP1/R1BQR1K1 b kq - 0 12,10,+57,NULL,e8g8,a8d8,0.193
r1b2r1k/pp2Nppp/2p5/3p4/8/3BBP2/P1P2P1P/R3K2R w KQ - 0 18,10,+619,NULL,e7c8,h1g1,0.027
r2q1rk1/1p1bbppp/p1nppn2/1Bp5/4P3/P1NPBN2/1PP2PPP/R2Q1RK1 w - - 0 10,10,-36,NULL,b5c4,b5a4,0.041
4r1k1/5p1p/p5p1/5b2/3R1PB1/2B1r1P1/PP3K1P/3R4 b - - 0 25,10,+36,NULL,f5g4,h7h5,0.037
5rk1/5p1p/6p1/3Q4/3PP3/q4K1P/5PP1/8 w - - 5 35,10,-498,NULL,f3f4,f3g4,0.018
8/8/4k3/p1p3b1/P1P1PpP1/1P6/5K2/1b1B4 b - - 0 44,10,-611,NULL,b1e4,e6e5,0.049
B7/1R2bk1p/4p1p1/1P2r3/3p4/1RnP2P1/2P2P1P/6K1 b - - 4 35,10,+404,NULL,e5e1,f7f6,0.049
r2qk2r/ppp2p2/2pb1n1p/4p1p1/4P3/3P1bB1/PPPN1PPP/R2Q1RK1 w kq - 0 11,10,+68,NULL,d1f3,d2f3,0.046
rn2kbnr/ppp1pppp/8/3b4/8/5P2/PPPP2PP/RNB1KBNR b KQkq - 0 5,10,-28,NULL,b8c6,d5e6,0.113
8/8/8/p3p3/K1kp1p1p/P4P1P/3b2P1/2N5 w - - 1 40,10,-683,NULL,c1b3,g2g4,0.023
rn1q1rk1/1b2bppp/3p3B/3Pp3/1p4R1/2NQ2P1/5PBP/4R1K1 b - - 1 22,10,+102,NULL,g7g6,f7f5,0.143
3r4/Nkp5/1p6/5pp1/3np2p/1P6/R4PPP/7K w - - 0 33,10,-544,NULL,h2h3,g2g4,0.032
rnq2rk1/pb1pnpbp/1p1Pp1p1/6B1/8/2N2N2/PPP2PPP/R2QKB1R w KQ - 1 10,10,+338,NULL,d6e7,g5e7,0.054
q5k1/5pp1/2r2n1p/8/1Q1P4/2N1PN1P/3K1PP1/r1B4R w - - 0 26,10,-165,NULL,d2e2,b4b3,0.171
3k4/1R6/p1pB4/6b1/PPP5/4p3/6P1/5K2 b - - 0 44,10,+715,NULL,g5f6,a6a5,0.043
5r1k/p1p3pp/6r1/4Rpq1/1PBp4/P2P1Q2/2P2PPP/4R1K1 w - - 11 24,10,+890,NULL,e5e8,h2h4,0.031
3r2k1/r4p2/5p2/2Pb1N2/1P3P2/6Pp/P1RR1K1P/8 b - - 4 40,10,+503,NULL,a7d7,d8d7,0.024
8/8/p1P5/5P2/1k6/8/4K3/8 b - - 0 43,10,+1050,NULL,a6a5,b4b5,0.021
r3k3/pp3pp1/2p1p1p1/8/1P2P3/2PK4/P4q1r/R2QR3 b q - 1 22,10,NULL,#-3,e8c8,a8d8,0.018
r5r1/p3Rp1k/1p4bp/2pR4/3p1P2/P7/1P5K/8 b - - 0 29,10,-653,NULL,a8d8,a8e8,0.031
8/7p/6pk/8/PP2Q2P/8/8/1K3q2 w - - 1 41,10,+221,NULL,b1a2,b1c2,0.016
3r2k1/pp3pp1/2p4p/8/1Pb1n3/P3K1P1/6PP/3q4 b - - 3 28,10,NULL,#-2,d1g4,e4g5,0.013
rnb1kb1r/ppqpnppp/4p3/2p1P3/3P4/1BP2N2/PP1B1PPP/RN1QK2R b KQkq - 6 8,10,+125,NULL,b7b5,b8c6,0.116
r6r/3p4/b1pP1k1p/p1p2p2/P1P5/5N2/1P1K1P2/4R1R1 w - - 2 31,10,NULL,#+3,f3e5,d2c3,0.097
r2qkb1r/pp1n1ppp/4p3/2Pp4/1P2n3/4PN2/P1P2PPP/RNBQ1RK1 b kq - 3 8,10,+90,NULL,a7a5,f8e7,0.140
2r5/2P2R2/8/1p2k2p/PP5P/1K6/8/8 w - - 1 46,10,+671,NULL,a4b5,a4a5,0.039
r1bqkbnr/pppp1ppp/2n5/8/2PPp3/8/PP2PPPP/RNBQKBNR b KQkq - 1 4,10,-28,NULL,d7d5,g8f6,0.115
8/8/1pK5/p1p5/P1P4k/2P4P/8/4q3 b - - 1 48,10,-770,NULL,e1b1,e1c3,0.013
3r2k1/pqp2pb1/4p1pp/4P3/P1N5/8/4QPPP/3R2K1 b - - 0 24,10,-371,NULL,d8d1,d8d5,0.047
8/7p/4p3/3k4/1R1Pb3/P7/6PP/6K1 w - - 3 34,10,+542,NULL,a3a4,h2h4,0.026
r3qrk1/6pp/2pB4/1pQp4/p3b1B1/2P1P2P/PP4P1/R5K1 b - - 3 29,10,-337,NULL,h7h5,f8f6,0.048
8/1R4k1/3r2p1/p3Np2/P2b4/5P1P/5PK1/5R2 b - - 4 34,10,+607,NULL,g7f6,g7g8,0.022
8/6kp/p1N3p1/1p1p2p1/6b1/2bBp1P1/P7/5K2 b - - 1 40,10,-612,NULL,h7h5,g4d7,0.026
r1b1k1nr/pp1p1p1p/1q2p1p1/2b1P3/5Q2/2P5/PP1B1PPP/RN2KB1R b KQkq - 3 10,10,-242,NULL,b6b2,g6g5,0.074
2r3k1/2r1qp2/p3pNp1/1p1p2P1/3P4/1PP1R1Q1/P4P2/7K b - - 1 39,10,+194,NULL,g8f8,e7f6,0.061
r2q1rk1/pp2bppp/2n1pB2/3p3b/3P4/2PB1N1P/PP1N1PP1/R2Q1RK1 b - - 0 11,10,-52,NULL,g7f6,e7f6,0.067
rnbq1rk1/ppppb1pp/5n2/4ppB1/2P5/2NP4/PP1QPPPP/2KR1BNR b - - 7 6,10,-67,NULL,c7c6,d7d6,0.119
1r3rk1/p3qppp/4p3/3p4/N3n3/1P6/P3QPPP/R4RK1 w - - 0 18,10,-205,NULL,e2e3,f1c1,0.037
8/8/1p6/p3kB1P/6P1/1P3pr1/P7/4K3 b - - 1 43,10,-505,NULL,g3g2,e5f4,0.073
4r1k1/pp2npp1/3p2rp/2p5/2PnP1PK/P2PN3/2PN1R2/8 w - - 1 33,10,-507,NULL,a3a4,c2c3,0.020
r2q1rk1/p5pp/1p1p2n1/2pP2b1/3pP3/1P1Q1P1P/P3N1P1/R3KB1R w KQ - 0 17,10,-334,NULL,e2c1,d3c2,0.037
8/p7/1p1k4/5P2/7B/7P/b4P2/6K1 b - - 0 46,10,-8,NULL,b6b5,d6e5,0.056
r3k2r/1p2q1pp/2p1pn2/b1PpNb2/1B1P4/PQ2P2P/3K1PB1/R6R b kq - 4 21,10,-196,NULL,a5c7,a5d8,0.051
1r3k2/r5p1/p1p2p1p/1p1pnP2/P6K/1B5P/1PP2RP1/5R2 w - - 7 37,10,-218,NULL,f1a1,a4b5,0.042
8/p1p2k2/2p2b2/1p3R2/5P1N/1P3P2/P6P/6K1 w - - 0 39,10,+604,NULL,g1f1,g1g2,0.030
3rr1k1/pp4q1/5p2/2P3p1/1P1P1p1p/P6P/5PP1/2QRK2R w K - 1 29,10,+67,NULL,e1f1,e1d2,0.033
2kr1b1r/ppp1pppp/8/4P3/1B3P2/P1N2K2/1P4PP/n4B1R w - - 2 18,10,-209,NULL,f1c4,c3e4,0.149
6k1/p4p1p/6p1/8/P7/1P2P1P1/1r2qP1P/R3R1K1 b - - 4 33,10,NULL,#-2,e2f2,e2d2,0.019
rn3rk1/1b3pbp/pq1ppnp1/6B1/2p1P3/P1NP1PP1/2P1N1BP/R2Q1R1K w - - 0 15,10,+87,NULL,a1b1,d3d4,0.084
r1bqkbnr/pp4pp/2n1pP2/2pp4/3P4/2P2N2/PP3PPP/RNBQKB1R b KQkq - 0 6,12,-24,NULL,g8f6,d8f6,0.358
rn1qk1nr/pbp1bppp/1p1pp3/8/3PP3/2N1BN2/PPP1BPPP/R2QK2R b KQkq - 3 6,12,+46,NULL,g8f6,a7a6,0.384
2kr1b1r/ppnnp1p1/2p3bp/8/2PP1q2/1PB2P1B/P2N4/R3K1NR b KQ - 1 22,12,-755,NULL,f4e3,f4h4,0.146
r1bq1rk1/pp1p1ppp/1b3n2/n1pP4/4P3/P2B1N2/1P3PPP/RNBQ1RK1 b - - 0 10,12,+104,NULL,c5c4,d8c7,0.263
r1b1kbnr/pp3ppp/2n1p3/2p1P3/3p1P2/3P1N2/PqPN1BPP/R2QKB1R b KQkq - 1 8,12,-171,NULL,c6b4,g8e7,0.500
8/pp4pp/b3N1k1/8/7P/2P5/PP2qK2/8 w - - 2 39,12,-882,NULL,f2g3,f2g1,0.015
r6k/1pp3p1/1b4p1/p2Qp3/P3P2q/5P1P/1PP2P1K/R4R2 w - - 0 26,12,+376,NULL,d5e5,d5e6,0.390
3n4/p2pk1p1/5pB1/1qpQp3/1r6/4PN2/2P1KPPP/3R4 w - - 6 26,12,+535,NULL,e2e1,d1d3,0.182
r2qkbnr/ppp1pppp/8/3p1b2/1n6/3PP3/PPP1NPPP/RNBQKB1R b KQkq - 0 5,12,-51,NULL,c7c5,b4c6,0.273
r1b2rk1/pp3pp1/2p1p2q/3n2Nn/2BP3P/2N3Q1/PPP5/1K3R1R w - - 11 22,12,+189,NULL,g3d6,g3e1,0.462
r1bqk1nr/pp2bppp/2n1p3/2p5/3pPP2/3P1B2/PPP1N1PP/RNBQ1RK1 b kq - 3 7,12,+38,NULL,g8f6,e6e5,0.359
2kr1r2/pp2R3/3q4/3P3p/8/2N2P2/PPP3PK/R2Q4 w - - 1 21,12,+125,NULL,h2g1,h2h1,0.335
r1b2rk1/1p3ppp/8/6q1/1PB2n2/1Q2B2P/P4PP1/3R1RK1 w - - 3 23,12,+339,NULL,c4f7,e3f4,0.136
4r1k1/7p/2p2qb1/p1p1ppR1/2Pp1P2/1P1P2Q1/P5P1/4R1K1 b - - 1 35,12,+121,NULL,e5e4,f6g7,0.136
rnb1k2r/ppppqppp/8/8/1b2nB2/2NP1N2/PPP3PP/R2QKB1R w KQkq - 0 7,12,+350,NULL,d3e4,d1e2,0.064
5k2/5pp1/K6p/8/4PN2/5P2/6PP/4n3 w - - 1 39,12,0,NULL,h2h4,a6b5,0.083
r7/B1R1k1pp/3p1p1n/4p3/1P6/5P2/P4P1P/6K1 b - - 2 22,12,+429,NULL,e7d8,e7e6,6.720
rnb1kbnr/1p1p1q1p/2pB1p2/p1P3p1/3QP3/P1N2N2/1P3PPP/R3KB1R b KQkq - 0 10,12,+383,NULL,b7b5,f8d6,0.407
r2qk2r/1b1pbppp/2n1pn2/8/1p6/1N2PN2/PP1BBPPP/R2Q1RK1 w kq - 4 12,12,-22,NULL,d1c2,d1b1,0.411
r2qr1k1/1p3p1p/p1p2n2/5B2/5B2/8/P1P4P/1R3RK1 b - - 2 30,12,-573,NULL,d8d4,g8h8,0.071
8/2n4p/1p2P1p1/1r3n2/p2P2Pk/P4N1P/4NP2/2R3K1 b - - 1 35,12,+607,NULL,h4h3,NULL,0.016
r2qk2r/p4ppp/2p1bn2/b2p4/N7/4B1PP/PP2PPB1/R2Q1RK1 b kq - 6 13,12,+65,NULL,e8g8,d8c8,0.405
4r2r/pbk1q2p/1ppp1pp1/8/3PPbQ1/2N5/PPP2PPP/R4RK1 w - - 0 16,12,+207,NULL,g4f4,f1d1,0.120
8/8/8/4K3/8/4q3/4k3/8 w - - 12 83,12,-467,NULL,e5d6,e5d5,0.023
r4rk1/pp1bqppp/2n2n2/4p3/3p4/6N1/P1PN1PPP/R2Q1RK1 w - - 6 15,12,-572,NULL,a1b1,f1e1,0.088
rr4k1/5pp1/2nq1n1p/p3p2P/3pP2R/5B2/PpP1QPPB/1K1R4 w - - 2 24,12,-420,NULL,e2c4,f3g4,0.089
r2q1r2/pbpp1pkp/1pn1p1p1/8/3PP1n1/2PB1N2/PP3PPP/RNQ2RK1 w - - 0 11,12,+82,NULL,h2h3,f1e1,0.303
6k1/qp4p1/4Qp2/5B1p/4P3/5P1P/6PK/5b2 b - - 13 43,12,+500,NULL,g8f8,g8h8,0.013
8/8/4k3/6R1/7R/4P3/1P3PPP/6K1 b - - 14 49,12,+1254,NULL,e6d7,e6e7,0.062
N1b3nr/p2k1ppp/1p1p4/1p6/5B2/2N5/PPP2PPP/R3K2R w KQ - 0 15,12,+797,NULL,e1c1,c3b5,0.051
r2q1rk1/4n1bp/ppn1Ppp1/8/8/2NBB3/PPP2PPP/R2Q1RK1 w - - 0 14,12,+382,NULL,d3c4,c3a4,0.143
8/8/4k1p1/1p2ppP1/1Pp1p2P/P1P5/4BK2/8 w - - 1 37,12,+685,NULL,f2f1,h4h5,0.967
8/6pp/p7/4Pk2/5P1P/P1r2K2/8/8 w - - 1 48,12,-697,NULL,f3e2,f3f2,0.028
2b2rk1/R1q1nppp/4p3/1p6/2pP4/B1P1P3/5PPP/4KBNR w K - 0 20,12,+694,NULL,a7c7,a3c5,0.074
1r2k1nr/1b2q1bp/pQn3p1/2pp4/8/2P5/PP1NBP1P/R1BK1R2 w k - 2 18,12,-341,NULL,f1e1,d2b3,0.239
r2qk1nr/ppp2p2/2nb3p/5p2/2pP2p1/P5P1/1P1NPPBP/R1BQ1RK1 w kq - 0 11,12,+273,NULL,d2c4,f1e1,0.187
3r2k1/1p3pp1/p2p3p/8/2q5/1R1R4/P1P4P/1K6 b - - 5 29,12,-696,NULL,d8c8,g8h7,0.088
r3rb1k/ppp2p2/3p4/n3pNQ1/4P3/2qP2PP/P2N2P1/R3R1K1 w - - 0 26,12,+1308,NULL,g5h5,g5h4,2.925
8/1q3PK1/8/2kp4/8/5Q2/8/8 w - - 3 65,12,+572,NULL,g7g6,g7h6,0.082
r2qk2r/pp3pbp/2p2np1/1B1Ppb2/8/2P5/PP1P1PPP/nNBK1QNR w kq - 0 12,12,-522,NULL,d5c6,b5d3,0.120
2kr1bnr/p3q1pp/1p1pnp2/2P1p3/7P/B1PP2P1/P3PPbR/RN1QK1N1 b Q - 1 15,12,-359,NULL,g2c6,g2d5,0.085
2kr3r/1pp3pp/p3pp2/2q2n2/1n3P2/1P2PN2/P3Q1PP/R1B2RK1 w - - 0 17,12,-189,NULL,c1a3,g2g4,0.405
r1b1k2r/1p2bppp/1qn1p3/p1p2n2/4N1B1/2PP3P/PP3PPN/R1BQ1RK1 b kq - 1 11,12,-62,NULL,a5a4,e8g8,0.499
r2q1rk1/1b2bp1p/p3p1p1/p2pP3/3B1P2/2NQ2P1/1PP4P/2KRR3 w - - 0 20,12,+43,NULL,g3g4,c1b1,0.655
4k1nr/ppp2ppp/4p3/4N3/8/4P2P/2q3P1/5rK1 w k - 0 28,12,-1100,NULL,g1f1,g1h2,0.013
r4rk1/1p1bq1pp/p3p3/3p1p2/3Nn3/P1PBPQ1P/1P3PP1/R3K2R b KQ - 1 15,12,-176,NULL,e6e5,a8d8,0.308
4k3/1K3pp1/4q2p/8/8/8/8/4n3 b - - 17 52,12,NULL,#-4,e1d3,f7f6,0.021
rnbqkbnr/pp3pp1/2pp3p/4p3/4P3/5N2/PPPPBPPP/RNBQ1RK1 b kq - 1 5,12,+37,NULL,g8f6,f8e7,0.329
4k3/1p6/5K2/6P1/pr6/8/8/8 b - - 1 53,12,NULL,#-10,a4a3,b4g4,0.191
rnbqkbnr/1p1p1ppp/p1p1p3/8/5B2/3P2P1/PPP1PPBP/RN1QK1NR b KQkq - 1 4,12,+46,NULL,f8e7,d7d5,0.360
8/2k5/7R/8/1Br3Pp/P4B1P/7K/8 b - g3 0 47,12,+700,NULL,h4g3,c4c2,0.064
r6r/p2bkp2/Q1pp2q1/6np/2P1P1p1/4P1R1/PP1NB1PP/5RK1 w - - 0 22,12,+148,NULL,c4c5,e4e5,0.563
r2qr1k1/1b1nppbp/6p1/3pP3/2p2P2/P1B1P2P/2P1N1P1/R2Q1RK1 b - - 1 19,12,-322,NULL,d5d4,e7e6,0.230
rnbq1knr/pppp2pp/8/2b1Q3/4P3/8/PPPP1PPP/RNB1K1NR b KQ - 0 5,12,-223,NULL,d8e7,d7d5,0.288
r1q1k2r/p2nbpQp/2p2p2/1p2p3/4P3/2NB4/PPP2PPP/R2R2K1 b kq - 3 14,12,+267,NULL,h8f8,d7f8,0.224
2kr3r/pp1qbppp/8/2pP4/2P1RP2/8/PP4PP/R1BQ2K1 b - - 0 16,12,+92,NULL,e7f6,d8e8,0.490
rnbqk1nr/ppp2pb1/4p1pp/3pP3/3P4/2N2N2/PPP2PPP/R1BQKB1R w KQkq - 0 6,12,+124,NULL,b2b4,f1d3,0.370
2r1kb1r/5ppp/b1n2n2/4pPB1/Pp1pP3/1P4Q1/4NKPP/qNR5 w k - 2 19,12,-653,NULL,b1d2,g3h4,0.109
1nr3k1/q4ppp/3np3/3p4/2p5/4PPP1/2Q1N1KP/7R w - - 2 27,12,-517,NULL,c2c3,e3e4,0.090
8/4kp2/P1K4p/8/6P1/7P/1r4P1/R7 b - - 0 39,12,+635,NULL,b2c2,b2g2,0.403
8/p5b1/1pq1N1k1/2p1np2/P7/1B2P3/1BKN4/R7 w - - 3 38,12,+465,NULL,b3d5,a1g1,0.238
r4rk1/1p2nppp/p3bn2/3p4/P1p5/2N1PN1P/1P2BPP1/R1BR2K1 b - - 1 16,12,+440,NULL,b7b5,e7c6,0.079
5rk1/3b2pp/pr3P2/1ppR4/4N1Pq/2P2Q1P/PP3P2/5RK1 b - - 0 25,12,+488,NULL,d7e8,d7c6,0.617
7k/6p1/pp1p3p/2p2q2/2P4P/1P4PK/P2Q4/8 w - - 3 38,12,-29,NULL,h3h2,h3g2,0.131
q2k3r/8/pR2R3/3Bp3/4P3/P2P3P/1PP5/1K6 b - - 14 49,12,+699,NULL,a8a7,a8c8,0.379
3r2k1/pB2R2p/3P1Pp1/1p6/8/8/r5PP/3R2K1 w - - 0 27,12,+1535,NULL,b7d5,e7g7,0.179
2K5/2RPk3/7p/1p4p1/p1r5/5P2/5P2/8 b - - 5 46,12,+782,NULL,e7e6,g5g4,0.328
3rk2r/ppp2ppp/2n5/8/1bP1n1b1/P1N1BN2/1P3PPP/R2BR1K1 b k - 0 15,12,+27,NULL,b4c3,e4c3,0.205
r3r2k/1p6/pb1pbnp1/4qp2/1P2p2P/PB6/5PP1/R2Q1RK1 w - - 4 23,12,-733,NULL,b4b5,g1h1,0.087
rn1qk2r/ppp2ppp/8/3p4/3P1P2/2PB1Q2/P1Pn2PP/R3K2R w KQkq - 0 11,12,+116,NULL,e1d2,d3b5,0.159
6k1/1p3p2/2p2KPP/p1P5/2n5/8/8/8 b - - 0 43,12,-652,NULL,f7g6,c4e5,0.058
8/r4pk1/3K2p1/7r/1R6/8/8/8 w - - 0 48,12,-629,NULL,b4b1,d6c6,0.134
4q1k1/p1p1r2r/3p3p/1P1P2p1/6Q1/N2p4/PP2N1PP/2R1K2R b K - 1 28,12,-264,NULL,e7e2,h7f7,0.466
8/8/8/8/6kp/3R4/8/r5K1 w - - 4 58,12,-1,NULL,g1h2,g1g2,0.060
3R2r1/4k1p1/5rP1/pp2pP2/1qp5/5K2/2B4Q/8 w - - 2 44,12,+360,NULL,d8g8,h2e5,0.309
rnbq1rk1/6b1/p1p3pp/1pPp1p2/PP1P1P2/3BB3/2Q1N1PP/3R1R1K b - - 0 18,12,+73,NULL,b8d7,d8e8,0.321
rn1qk2r/pp5p/2ppBnpQ/4p3/4P3/3P1N1P/PPP2PP1/R3K2R b KQkq - 2 12,12,+191,NULL,d8e7,b8d7,0.492
8/6pk/7p/3p1p2/3P1P2/p5P1/6K1/1r3N1R w - - 0 38,12,-523,NULL,f1d2,f1e3,0.219
7k/6p1/7p/7K/4r2P/6B1/3n2q1/8 b - - 3 48,12,NULL,#-2,h8h7,g2f3,0.015
r1bqr1k1/pppp1p2/5n1Q/2P1p3/4P3/2PP1N2/P4PPP/R3K2R b KQ - 0 12,12,-213,NULL,f6h7,f6g4,0.205
r4rk1/pppqbpp1/2n2n1p/3p4/3P3B/5B2/PPPN1PPP/R2QR1K1 w - - 4 12,12,+76,NULL,c2c3,d2b3,0.485
r1b1kb1r/pppp1pp1/5q1p/1B1Pp3/3N4/8/PPPP1PPP/R1BQ1RK1 b kq - 0 8,12,+99,NULL,e5d4,a7a6,0.397
8/p2Rq1r1/kpp4Q/8/5P2/2P2K2/2P3PP/3R4 b - - 6 33,12,+744,NULL,e7d7,g7h7,0.112
r3kb1r/ppq2ppb/2p1p2p/3nP2P/3P2PN/2N5/PP1BQP2/2R2RK1 b kq - 2 18,12,-66,NULL,c7d8,d5b4,0.301
6k1/5pp1/p3r2p/1p3N2/1P6/P4Q1P/3q1PP1/5RK1 w - - 3 31,12,+500,NULL,f1d1,f3a8,0.074
2kr1bnr/p1pp1q2/1p2p3/6p1/Q4Pp1/1PPPPbPP/P3K3/1R6 w - - 1 20,12,-928,NULL,e2d2,e2e1,0.163
r1bqk1nr/p1pp1pbp/1p2p1p1/8/3P4/2NPPQ1N/PP3PPP/R1B1K2R w KQkq - 0 8,12,+434,NULL,f3a8,h3g5,0.241
5r1k/pp2q2p/6p1/1PpQp3/P3B3/6P1/5P1P/3R2K1 b - - 0 27,12,+502,NULL,f8f7,b7b6,0.097
7k/p6P/8/3q4/5KP1/8/8/5q2 w - - 6 63,12,NULL,#-2,f4g3,f4e3,0.004
4r1k1/Q3bnp1/1p1p3p/1q1Pp3/4B2P/3PN1P1/5P2/2R3K1 b - - 0 29,12,+447,NULL,e7d8,g7g6,0.379
r3kb1r/ppp1pppp/8/q2N4/3P4/5P2/PPnBQPBP/R3K2R w KQkq - 1 12,12,+349,NULL,e1d1,e1f1,0.087
8/5pp1/5k1p/5P2/4K1P1/8/7P/8 b - - 0 39,12,-353,NULL,f6g5,h6h5,0.045
rn1k1r2/ppp1qb1p/3p4/3P4/2B2Q2/2P1B3/P1P3PP/2K4R w - - 1 19,12,-260,NULL,h1f1,h1e1,0.186
8/K4P2/5Q2/6Q1/8/8/7k/8 w - - 5 76,12,NULL,#+1,f6h8,f6h6,0.011
2k1r2r/pp1n4/1b3np1/1N2pp1p/1P6/6N1/P1PB1PPP/R3R1K1 w - - 1 19,12,+209,NULL,b5d6,c2c4,0.298
1r1q1k1r/p3bp1p/1p1p2p1/3N4/2P5/B2Q1P2/5PPP/1R2R1K1 b - - 2 18,12,+697,NULL,e7g5,e7h4,0.126
3r1rk1/2q2p1p/ppB3p1/1P3bQ1/P1P5/5P2/2p3PP/R3R1K1 w - - 0 24,12,-128,NULL,g5e3,a1c1,0.243
r2qkbnr/pp3ppp/n2p4/2pP4/8/2N2b1P/PPP2PP1/R1BQKB1R w KQkq - 0 8,12,+446,NULL,f1b5,d1f3,0.661
r4rk1/2pb1pp1/p2p1qnp/4p3/2P1P3/3P1N1P/PB3PP1/R2QR1K1 w - - 1 17,12,-32,NULL,d3d4,b2c1,0.397
r3k2r/p1ppn1pp/1p6/2b1QB1q/1nP4P/4P1P1/PP1P1P2/R1B1K1NR w KQkq - 1 14,12,+559,NULL,f5d7,e5e4,0.172
8/pp5p/2p1rkp1/2n2p2/3Rn3/P4B2/2P3K1/8 b - - 5 46,12,-776,NULL,f6e5,g6g5,0.064
rnbqr1k1/pp2bpp1/2pp1nNp/8/2B1P3/P1NP1Q2/1PP2PPP/R1B1K2R b KQ - 1 9,12,+62,NULL,d6d5,c8g4,0.219
1nk2b1r/5ppp/3p2q1/3N4/2B1n3/4P1B1/3P1PPP/N1R3K1 b - - 9 22,12,-116,NULL,c8d8,e4g3,0.396
r2q1rk1/pp2bppp/1np1p3/3pPn2/3P4/2PQ1N1P/PP3PP1/R1B1RNK1 w - - 3 14,12,+66,NULL,e1e2,f1d2,0.191
7B/1R2P3/4k3/8/4P2p/3K2P1/8/8 b - - 0 52,12,NULL,#+9,e6f7,e6d6,0.014
8/1p2r3/ppk5/8/3R2P1/2P5/8/6K1 b - - 0 55,12,-350,NULL,b6b5,a6a5,0.706
1n1qkbnr/Rb2pppp/8/1p6/2pP4/4P3/1P3PPP/2BQKBNR b Kk - 2 9,12,+150,NULL,d8b6,b7d5,0.387
rn2k3/pp5p/2p5/5p2/3rpN2/5b2/PPK2P1P/RN2R3 b q - 1 21,12,-340,NULL,b8a6,b8d7,0.168
r1b2r2/pp3k1p/4p1P1/2ppnp1P/8/2PB4/PPP2P2/2KR3R b - - 0 19,12,-350,NULL,f7f6,h7g6,0.091
r4bnr/ppp2kpp/2n1b3/3p4/3Pq3/1QP1B3/PP3PPP/RN3RK1 w - - 2 11,12,-346,NULL,b3b7,b1d2,0.131
7r/2rkn3/3p3q/3pb3/3pPpRp/1Q1P1P1P/PP1BK3/R6B b - - 3 26,12,+88,NULL,h6f8,h8c8,0.466
r2q1rk1/3bbppp/p1pp1n2/4p1B1/4P3/3B2N1/PPP2PPP/R2Q1RK1 b - - 3 13,12,+2,NULL,h7h6,a6a5,0.415
1r1nr3/pp4k1/2p1pnpp/5p2/2Pq4/P2B1QNP/1P2RPP1/4R1K1 w - - 0 23,12,+185,NULL,d3f5,g3f5,0.177
2r5/1b2kp2/3bPnp1/7p/2B2P2/1PNR3P/4N1P1/7K b - - 0 28,12,+68,NULL,f6e4,f7e6,0.448
rnb1k2r/ppq2pp1/2pb1n2/4p2p/2BPP3/2N2N1P/PP3PP1/R1BQ1RK1 w kq - 0 10,12,+378,NULL,d4e5,f3g5,0.695
r5r1/ppp2k1p/3bbp2/2PQp3/8/8/P2P1PPP/R1B1R1K1 w - - 3 20,12,+524,NULL,d5b7,d5f3,0.107
2kr4/pp4p1/4p3/4p3/2P5/3pNq2/P4P1P/1R1R3K w - - 2 29,12,-481,NULL,h1g1,e3g2,0.049
r3q1k1/pp1nrp1p/6p1/2p3P1/2PB3P/3BP1R1/P2P1P2/6RK b - - 1 29,12,-611,NULL,c5d4,d7e5,0.069
rn3rk1/pp1b1ppp/2q1p1n1/3pP1b1/1P1P4/P1NB1N2/3Q1PPP/R4RK1 w - - 0 16,12,+115,NULL,f3g5,d2g5,0.080
r4rk1/1p1nbppp/1pp5/3pP2b/8/3P1N1P/PP1N1PP1/R1B1R1K1 w - - 1 15,12,-94,NULL,d3d4,g2g4,0.354
r1bqkb1r/pp1p3p/2n1pp2/2pn2NQ/2B5/3P4/PPP2PPP/RNB1K2R b KQkq - 1 8,12,+377,NULL,e8e7,NULL,0.021
2r2rk1/1p3p1p/4pp1n/NP6/P7/4P3/4QPPP/R1q3K1 w - - 0 24,12,-392,NULL,e2d1,e2e1,0.066
6k1/6p1/3Npb1p/8/2p5/4P1P1/1r3PKP/2R5 b - - 3 28,12,+31,NULL,c4c3,b2b6,0.133
3r2k1/5pbp/1r4p1/2p1P3/p3NP2/P6P/1P4P1/1R3RK1 w - - 0 24,12,+176,NULL,e4c5,e4c3,0.229
rnb1k1nr/p4pp1/2pp1q1p/Q3p3/4P3/1B1PBN2/1pP2PPP/1NKR3R w kq - 0 13,12,+438,NULL,c1b2,c1d2,0.060
rn4nr/ppp1kp1p/4b1p1/4N3/4PB2/2PB4/2P3PP/1R3RK1 b - - 3 14,12,+248,NULL,b7b6,h7h6,0.398
8/3N1p1p/3k4/pB1R4/2P4b/1KP5/1P5r/8 b - - 7 45,12,+529,NULL,d6c7,d6e7,0.051
2r2rk1/8/2b1pPp1/1p1pP1Np/pp1B1N2/8/P1P1K3/8 w - - 0 32,12,-70,NULL,f4e6,e2d3,0.192
r2q1rk1/pp3pp1/1np3bp/2b1p3/4P3/2NP1PQN/PPP3PP/R1B1K2R w KQ - 0 15,12,+117,NULL,h3f2,c1d2,0.420
8/8/1p6/8/4K3/8/p2k4/8 b - - 1 60,12,-1258,NULL,a2a1q,d2c1,0.105
5r2/4n3/1R5P/1p6/3k2NR/P2B4/1KP5/8 b - - 2 48,12,+1031,NULL,e7f5,f8d8,0.204
6k1/8/6p1/R2P3p/4qP2/6P1/5P1P/6K1 b - - 0 39,12,-679,NULL,e4e1,e4b1,0.114
2r2rk1/1p2q1pp/p1n1p1n1/3pP1N1/8/P2Q2B1/1P3PPP/4RRK1 w - - 5 23,12,-38,NULL,g5f3,f2f4,0.547
7r/7p/kpp5/p6P/2PP2R1/1K6/1P2r3/8 b - - 0 39,12,-577,NULL,h8f8,e2e3,0.075
8/5r1k/8/2R3K1/8/8/8/8 w - - 1 51,12,0,NULL,g5g4,c5c3,0.051
8/p1rp4/1p4Rp/2p1r2P/4kR2/6P1/PPP5/2K5 b - - 3 34,12,+159,NULL,e4e3,e4d5,0.067
8/2k5/ppbp4/3p4/3P1K2/2P5/2P4P/8 b - - 1 50,12,-534,NULL,c6a4,c7d7,0.041
1nbqk1nr/8/r1pppp1b/pp6/1P1PP1p1/P1N5/2PBBPPN/R2QR1K1 w k - 2 15,12,+156,NULL,e2g4,b4a5,0.261
4rrk1/ppb2ppp/2p2n2/8/3B4/1P2RQ1N/P1PP1PPq/R4K2 w - - 4 20,12,+157,NULL,d4f6,a1e1,0.289
r1bq1rk1/ppp1npp1/2np3p/2b1P3/2Bp1B2/5N2/PPP2PPP/RN1QR1K1 w - - 0 9,12,-92,NULL,e5d6,b1d2,0.375
5r2/pp1b1k2/1q2p2p/3pP1p1/3Qnp2/N1P5/PP2PPPP/R3KB1R b KQ - 2 16,12,0,NULL,b6b2,e4c5,0.056
2b2rk1/R1N3pn/1Q1p4/3Pp1q1/1P2p3/7P/2P2PPN/6K1 b - - 0 26,12,-616,NULL,c8h3,g5c1,0.237
2k5/p1p5/1p3q2/3p2p1/1P1Np1P1/2P5/P1KN1R2/8 b - - 0 27,12,-653,NULL,f6f2,f6g6,0.261
rnb1k1nr/pp6/2pp3b/4p3/2B1P2p/P1NPB2N/1PPQ2q1/2KR3R b kq - 5 18,12,+15,NULL,g2d2,c8h3,0.184
r3k1nr/ppp3p1/2np4/4pp1p/4P1bq/P1PP1P2/2P1K2P/R1BQ1BR1 b kq - 1 11,12,-507,NULL,f5f4,g8f6,0.151
4r3/5R2/6p1/P5k1/8/1P6/1KP2p2/8 b - - 1 38,12,+407,NULL,e8e5,e8e2,0.355
r1b2rk1/pp1p1ppp/4pn2/2b3q1/N7/2B5/P1P1BPPP/1R1Q1RK1 w - - 6 15,12,+249,NULL,h2h4,c3f6,0.243
2br1rk1/7p/p1ppp1pn/1p6/3PNPP1/3B4/PPP2R2/1K2R3 w - - 0 28,12,-38,NULL,g4g5,d3e2,0.391
r1bq1rk1/p4ppp/2p2n2/2b1p3/8/2N2N2/PPPP1PPP/R1BQ1RK1 w - - 0 9,12,+106,NULL,f3e5,d2d3,0.260
r2qr1k1/pb1n2pp/1p6/3pNp2/3Pn3/B2BQ3/P1P2PPP/R4RK1 w - - 2 16,12,+144,NULL,f2f3,a1e1,0.341
2R5/5kp1/4p2p/pK1p2pP/1p3r2/1P6/r7/2R5 b - - 1 41,12,-492,NULL,a5a4,f7f6,0.099
r3k2r/ppp1nppp/2n1b3/2q1p3/8/1P1P1N1P/P1P1BPP1/R1BQR1K1 b kq - 0 12,12,+68,NULL,e8c8,a8d8,0.472
r1b2r1k/pp2Nppp/2p5/3p4/8/3BBP2/P1P2P1P/R3K2R w KQ - 0 18,12,+623,NULL,e1c1,h1g1,0.088
r2q1rk1/1p1bbppp/p1nppn2/1Bp5/4P3/P1NPBN2/1PP2PPP/R2Q1RK1 w - - 0 10,12,-39,NULL,b5c4,b5a4,0.196
4r1k1/5p1p/p5p1/5b2/3R1PB1/2B1r1P1/PP3K1P/3R4 b - - 0 25,12,+35,NULL,f5g4,f5c2,0.208
5rk1/5p1p/6p1/3Q4/3PP3/q4K1P/5PP1/8 w - - 5 35,12,-486,NULL,f3g4,f3e2,0.065
8/8/4k3/p1p3b1/P1P1PpP1/1P6/5K2/1b1B4 b - - 0 44,12,-667,NULL,b1e4,e6e5,0.176
B7/1R2bk1p/4p1p1/1P2r3/3p4/1RnP2P1/2P2P1P/6K1 b - - 4 35,12,+482,NULL,e5e1,g6g5,0.381
r2qk2r/ppp2p2/2pb1n1p/4p1p1/4P3/3P1bB1/PPPN1PPP/R2Q1RK1 w kq - 0 11,12,+79,NULL,d1f3,d2f3,0.121
rn2kbnr/ppp1pppp/8/3b4/8/5P2/PPPP2PP/RNB1KBNR b KQkq - 0 5,12,-21,NULL,b8c6,b7b6,0.428
8/8/8/p3p3/K1kp1p1p/P4P1P/3b2P1/2N5 w - - 1 40,12,-821,NULL,c1b3,c1d3,0.200
rn1q1rk1/1b2bppp/3p3B/3Pp3/1p4R1/2NQ2P1/5PBP/4R1K1 b - - 1 22,12,+119,NULL,g7g6,f7f5,0.324
3r4/Nkp5/1p6/5pp1/3np2p/1P6/R4PPP/7K w - - 0 33,12,-565,NULL,h1g1,h2h3,0.088
rnq2rk1/pb1pnpbp/1p1Pp1p1/6B1/8/2N2N2/PPP2PPP/R2QKB1R w KQ - 1 10,12,+345,NULL,d6e7,g5e7,0.141
q5k1/5pp1/2r2n1p/8/1Q1P4/2N1PN1P/3K1PP1/r1B4R w - - 0 26,12,-211,NULL,d2e2,b4b3,0.723
3k4/1R6/p1pB4/6b1/PPP5/4p3/6P1/5K2 b - - 0 44,12,+766,NULL,d8e8,g5f6,0.098
5r1k/p1p3pp/6r1/4Rpq1/1PBp4/P2P1Q2/2P2PPP/4R1K1 w - - 11 24,12,+844,NULL,e5e8,h2h4,0.100
3r2k1/r4p2/5p2/2Pb1N2/1P3P2/6Pp/P1RR1K1P/8 b - - 4 40,12,+592,NULL,d8d7,g8h7,0.220
8/8/p1P5/5P2/1k6/8/4K3/8 b - - 0 43,12,+1314,NULL,a6a5,b4b3,0.028
r3k3/pp3pp1/2p1p1p1/8/1P2P3/2PK4/P4q1r/R2QR3 b q - 1 22,12,NULL,#-3,e8c8,a8d8,0.082
r5r1/p3Rp1k/1p4bp/2pR4/3p1P2/P7/1P5K/8 b - - 0 29,12,-702,NULL,a8d8,g8d8,0.101
8/7p/6pk/8/PP2Q2P/8/8/1K3q2 w - - 1 41,12,+226,NULL,b1c2,b1b2,0.071
3r2k1/pp3pp1/2p4p/8/1Pb1n3/P3K1P1/6PP/3q4 b - - 3 28,12,NULL,#-2,d1g4,e4g5,0.014
rnb1kb1r/ppqpnppp/4p3/2p1P3/3P4/1BP2N2/PP1B1PPP/RN1QK2R b KQkq - 6 8,12,+133,NULL,a7a6,b7b5,0.512
r6r/3p4/b1pP1k1p/p1p2p2/P1P5/5N2/1P1K1P2/4R1R1 w - - 2 31,12,NULL,#+3,f3e5,d2c3,0.160
r2qkb1r/pp1n1ppp/4p3/2Pp4/1P2n3/4PN2/P1P2PPP/RNBQ1RK1 b kq - 3 8,12,+95,NULL,a7a5,b7b6,0.261
2r5/2P2R2/8/1p2k2p/PP5P/1K6/8/8 w - - 1 46,12,+700,NULL,a4b5,a4a5,0.089
r1bqkbnr/pppp1ppp/2n5/8/2PPp3/8/PP2PPPP/RNBQKBNR b KQkq - 1 4,12,-14,NULL,g8f6,d7d5,0.415
8/8/1pK5/p1p5/P1P4k/2P4P/8/4q3 b - - 1 48,12,-813,NULL,e1e4,e1f1,0.036
3r2k1/pqp2pb1/4p1pp/4P3/P1N5/8/4QPPP/3R2K1 b - - 0 24,12,-353,NULL,d8d1,d8d5,0.396
8/7p/4p3/3k4/1R1Pb3/P7/6PP/6K1 w - - 3 34,12,+584,NULL,g1f2,h2h4,0.101
r3qrk1/6pp/2pB4/1pQp4/p3b1B1/2P1P2P/PP4P1/R5K1 b - - 3 29,12,-320,NULL,f8f6,e8f7,0.127
8/1R4k1/3r2p1/p3Np2/P2b4/5P1P/5PK1/5R2 b - - 4 34,12,+648,NULL,g7f6,g7g8,0.344
8/6kp/p1N3p1/1p1p2p1/6b1/2bBp1P1/P7/5K2 b - - 1 40,12,-609,NULL,d5d4,g4d7,0.048
r1b1k1nr/pp1p1p1p/1q2p1p1/2b1P3/5Q2/2P5/PP1B1PPP/RN2KB1R b KQkq - 3 10,12,-244,NULL,b6b2,g6g5,0.124
2r3k1/2r1qp2/p3pNp1/1p1p2P1/3P4/1PP1R1Q1/P4P2/7K b - - 1 39,12,+223,NULL,g8f8,e7f6,0.344
r2q1rk1/pp2bppp/2n1pB2/3p3b/3P4/2PB1N1P/PP1N1PP1/R2Q1RK1 b - - 0 11,12,-58,NULL,g7f6,e7f6,0.151
rnbq1rk1/ppppb1pp/5n2/4ppB1/2P5/2NP4/PP1QPPPP/2KR1BNR b - - 7 6,12,-68,NULL,c7c6,d7d6,0.324
1r3rk1/p3qppp/4p3/3p4/N3n3/1P6/P3QPPP/R4RK1 w - - 0 18,12,-192,NULL,e2a6,f1c1,0.123
8/8/1p6/p3kB1P/6P1/1P3pr1/P7/4K3 b - - 1 43,12,-541,NULL,e5f4,g3g2,0.176
4r1k1/pp2npp1/3p2rp/2p5/2PnP1PK/P2PN3/2PN1R2/8 w - - 1 33,12,-541,NULL,c2c3,d2b1,0.057
r2q1rk1/p5pp/1p1p2n1/2pP2b1/3pP3/1P1Q1P1P/P3N1P1/R3KB1R w KQ - 0 17,12,-347,NULL,e2c1,h3h4,0.194
8/p7/1p1k4/5P2/7B/7P/b4P2/6K1 b - - 0 46,12,-11,NULL,a2b1,d6d5,0.108
r3k2r/1p2q1pp/2p1pn2/b1PpNb2/1B1P4/PQ2P2P/3K1PB1/R6R b kq - 4 21,12,-203,NULL,a5c7,a5d8,0.396
1r3k2/r5p1/p1p2p1p/1p1pnP2/P6K/1B5P/1PP2RP1/5R2 w - - 7 37,12,-214,NULL,f1a1,a4b5,0.192
8/p1p2k2/2p2b2/1p3R2/5P1N/1P3P2/P6P/6K1 w - - 0 39,12,+609,NULL,g1f1,g1g2,0.071
3rr1k1/pp4q1/5p2/2P3p1/1P1P1p1p/P6P/5PP1/2QRK2R w K - 1 29,12,+61,NULL,e1f1,e1d2,0.276
2kr1b1r/ppp1pppp/8/4P3/1B3P2/P1N2K2/1P4PP/n4B1R w - - 2 18,12,-201,NULL,f1c4,c3e4,0.285
6k1/p4p1p/6p1/8/P7/1P2P1P1/1r2qP1P/R3R1K1 b - - 4 33,12,NULL,#-2,e2f2,e2f3,0.091
rn3rk1/1b3pbp/pq1ppnp1/6B1/2p1P3/P1NP1PP1/2P1N1BP/R2Q1R1K w - - 0 15,12,+88,NULL,d3d4,a1b1,0.414
r1bqkbnr/pp4pp/2n1pP2/2pp4/3P4/2P2N2/PP3PPP/RNBQKB1R b KQkq - 0 6,14,-24,NULL,g8f6,d8f6,0.540
rn1qk1nr/pbp1bppp/1p1pp3/8/3PP3/2N1BN2/PPP1BPPP/R2QK2R b KQkq - 3 6,14,+50,NULL,g8f6,b8d7,1.288
2kr1b1r/ppnnp1p1/2p3bp/8/2PP1q2/1PB2P1B/P2N4/R3K1NR b KQ - 1 22,14,-807,NULL,f4e3,e7e6,0.386
r1bq1rk1/pp1p1ppp/1b3n2/n1pP4/4P3/P2B1N2/1P3PPP/RNBQ1RK1 b - - 0 10,14,+112,NULL,c5c4,f6g4,0.956
r1b1kbnr/pp3ppp/2n1p3/2p1P3/3p1P2/3P1N2/PqPN1BPP/R2QKB1R b KQkq - 1 8,14,-161,NULL,c6b4,g8e7,1.347
8/pp4pp/b3N1k1/8/7P/2P5/PP2qK2/8 w - - 2 39,14,-968,NULL,f2g3,f2g1,0.035
r6k/1pp3p1/1b4p1/p2Qp3/P3P2q/5P1P/1PP2P1K/R4R2 w - - 0 26,14,+402,NULL,d5e5,d5e6,2.197
3n4/p2pk1p1/5pB1/1qpQp3/1r6/4PN2/2P1KPPP/3R4 w - - 6 26,14,+589,NULL,e2e1,d1d3,0.306
r2qkbnr/ppp1pppp/8/3p1b2/1n6/3PP3/PPP1NPPP/RNBQKB1R b KQkq - 0 5,14,-50,NULL,c7c5,b4c6,0.825
r1b2rk1/pp3pp1/2p1p2q/3n2Nn/2BP3P/2N3Q1/PPP5/1K3R1R w - - 11 22,14,+202,NULL,g3d6,g3e5,1.336
r1bqk1nr/pp2bppp/2n1p3/2p5/3pPP2/3P1B2/PPP1N1PP/RNBQ1RK1 b kq - 3 7,14,+42,NULL,g8f6,e6e5,0.829
2kr1r2/pp2R3/3q4/3P3p/8/2N2P2/PPP3PK/R2Q4 w - - 1 21,14,+123,NULL,h2h1,h2g1,1.162
r1b2rk1/1p3ppp/8/6q1/1PB2n2/1Q2B2P/P4PP1/3R1RK1 w - - 3 23,14,+354,NULL,c4f7,e3f4,1.540
4r1k1/7p/2p2qb1/p1p1ppR1/2Pp1P2/1P1P2Q1/P5P1/4R1K1 b - - 1 35,14,+83,NULL,e5e4,f6g7,0.298
rnb1k2r/ppppqppp/8/8/1b2nB2/2NP1N2/PPP3PP/R2QKB1R w KQkq - 0 7,14,+360,NULL,d3e4,d1e2,0.296
5k2/5pp1/K6p/8/4PN2/5P2/6PP/4n3 w - - 1 39,14,0,NULL,a6b5,a6b6,0.144
r7/B1R1k1pp/3p1p1n/4p3/1P6/5P2/P4P1P/6K1 b - - 2 22,14,+498,NULL,e7e6,e7d8,23.088
rnb1kbnr/1p1p1q1p/2pB1p2/p1P3p1/3QP3/P1N2N2/1P3PPP/R3KB1R b KQkq - 0 10,14,+437,NULL,f8d6,b7b5,1.065
r2qk2r/1b1pbppp/2n1pn2/8/1p6/1N2PN2/PP1BBPPP/R2Q1RK1 w kq - 4 12,14,-9,NULL,d1c2,d1b1,0.934
r2qr1k1/1p3p1p/p1p2n2/5B2/5B2/8/P1P4P/1R3RK1 b - - 2 30,14,-655,NULL,d8d4,g8h8,0.534
8/2n4p/1p2P1p1/1r3n2/p2P2Pk/P4N1P/4NP2/2R3K1 b - - 1 35,14,+637,NULL,h4h3,NULL,0.055
r2qk2r/p4ppp/2p1bn2/b2p4/N7/4B1PP/PP2PPB1/R2Q1RK1 b kq - 6 13,14,+65,NULL,e8g8,d8c8,1.431
4r2r/pbk1q2p/1ppp1pp1/8/3PPbQ1/2N5/PPP2PPP/R4RK1 w - - 0 16,14,+197,NULL,g4f4,f1d1,0.307
8/8/8/4K3/8/4q3/4k3/8 w - - 12 83,14,NULL,#-8,e5d6,e5d5,0.047
r4rk1/pp1bqppp/2n2n2/4p3/3p4/6N1/P1PN1PPP/R2Q1RK1 w - - 6 15,14,-560,NULL,a1b1,f1e1,0.634
rr4k1/5pp1/2nq1n1p/p3p2P/3pP2R/5B2/PpP1QPPB/1K1R4 w - - 2 24,14,-464,NULL,e2c4,f3g4,1.230
r2q1r2/pbpp1pkp/1pn1p1p1/8/3PP1n1/2PB1N2/PP3PPP/RNQ2RK1 w - - 0 11,14,+87,NULL,h2h3,f1e1,0.958
6k1/qp4p1/4Qp2/5B1p/4P3/5P1P/6PK/5b2 b - - 13 43,14,+709,NULL,g8f8,g8h8,7.531
8/8/4k3/6R1/7R/4P3/1P3PPP/6K1 b - - 14 49,14,NULL,#+11,e6f6,e6e7,0.055
N1b3nr/p2k1ppp/1p1p4/1p6/5B2/2N5/PPP2PPP/R3K2R w KQ - 0 15,14,+830,NULL,e1c1,c3b5,0.245
r2q1rk1/4n1bp/ppn1Ppp1/8/8/2NBB3/PPP2PPP/R2Q1RK1 w - - 0 14,14,+378,NULL,d3c4,a2a4,0.347
8/8/4k1p1/1p2ppP1/1Pp1p2P/P1P5/4BK2/8 w - - 1 37,14,+1331,NULL,f2f1,f2e1,5.480
8/6pp/p7/4Pk2/5P1P/P1r2K2/8/8 w - - 1 48,14,-723,NULL,f3e2,f3f2,0.073
2b2rk1/R1q1nppp/4p3/1p6/2pP4/B1P1P3/5PPP/4KBNR w K - 0 20,14,+664,NULL,a7c7,a3c5,0.419
1r2k1nr/1b2q1bp/pQn3p1/2pp4/8/2P5/PP1NBP1P/R1BK1R2 w k - 2 18,14,-348,NULL,f1e1,d2b3,0.869
r2qk1nr/ppp2p2/2nb3p/5p2/2pP2p1/P5P1/1P1NPPBP/R1BQ1RK1 w kq - 0 11,14,+278,NULL,d2c4,f1e1,0.576
3r2k1/1p3pp1/p2p3p/8/2q5/1R1R4/P1P4P/1K6 b - - 5 29,14,-731,NULL,d8c8,d8e8,0.762
r3rb1k/ppp2p2/3p4/n3pNQ1/4P3/2qP2PP/P2N2P1/R3R1K1 w - - 0 26,14,+1299,NULL,g5f6,g5h4,0.652
8/1q3PK1/8/2kp4/8/5Q2/8/8 w - - 3 65,14,NULL,#+15,g7g8,f3c3,1.838
r2qk2r/pp3pbp/2p2np1/1B1Ppb2/8/2P5/PP1P1PPP/nNBK1QNR w kq - 0 12,14,-532,NULL,d5c6,b5d3,0.981
2kr1bnr/p3q1pp/1p1pnp2/2P1p3/7P/B1PP2P1/P3PPbR/RN1QK1N1 b Q - 1 15,14,-356,NULL,g2c6,g2a8,0.319
2kr3r/1pp3pp/p3pp2/2q2n2/1n3P2/1P2PN2/P3Q1PP/R1B2RK1 w - - 0 17,14,-181,NULL,c1a3,c1d2,1.122
r1b1k2r/1p2bppp/1qn1p3/p1p2n2/4N1B1/2PP3P/PP3PPN/R1BQ1RK1 b kq - 1 11,14,-62,NULL,a5a4,e8g8,0.874
r2q1rk1/1b2bp1p/p3p1p1/p2pP3/3B1P2/2NQ2P1/1PP4P/2KRR3 w - - 0 20,14,+21,NULL,g3g4,h2h4,1.662
4k1nr/ppp2ppp/4p3/4N3/8/4P2P/2q3P1/5rK1 w k - 0 28,14,-1118,NULL,g1f1,g1h2,0.020
r4rk1/1p1bq1pp/p3p3/3p1p2/3Nn3/P1PBPQ1P/1P3PP1/R3K2R b KQ - 1 15,14,-181,NULL,a8d8,e6e5,0.874
4k3/1K3pp1/4q2p/8/8/8/8/4n3 b - - 17 52,14,NULL,#-4,e1d3,h6h5,0.017
rnbqkbnr/pp3pp1/2pp3p/4p3/4P3/5N2/PPPPBPPP/RNBQ1RK1 b kq - 1 5,14,+42,NULL,f8e7,g8f6,0.690
4k3/1p6/5K2/6P1/pr6/8/8/8 b - - 1 53,14,NULL,#-8,a4a3,b4g4,1.814
rnbqkbnr/1p1p1ppp/p1p1p3/8/5B2/3P2P1/PPP1PPBP/RN1QK1NR b KQkq - 1 4,14,+44,NULL,f8e7,g8f6,0.932
8/2k5/7R/8/1Br3Pp/P4B1P/7K/8 b - g3 0 47,14,+816,NULL,c4c2,c7d7,0.830
r6r/p2bkp2/Q1pp2q1/6np/2P1P1p1/4P1R1/PP1NB1PP/5RK1 w - - 0 22,14,+159,NULL,e4e5,c4c5,1.868
r2qr1k1/1b1nppbp/6p1/3pP3/2p2P2/P1B1P2P/2P1N1P1/R2Q1RK1 b - - 1 19,14,-311,NULL,e7e6,d5d4,0.583
rnbq1knr/pppp2pp/8/2b1Q3/4P3/8/PPPP1PPP/RNB1K1NR b KQ - 0 5,14,-220,NULL,d7d6,d7d5,1.003
r1q1k2r/p2nbpQp/2p2p2/1p2p3/4P3/2NB4/PPP2PPP/R2R2K1 b kq - 3 14,14,+271,NULL,h8f8,d7f8,0.782
2kr3r/pp1qbppp/8/2pP4/2P1RP2/8/PP4PP/R1BQ2K1 b - - 0 16,14,+93,NULL,h8e8,e7f6,0.616
rnbqk1nr/ppp2pb1/4p1pp/3pP3/3P4/2N2N2/PPP2PPP/R1BQKB1R w KQkq - 0 6,14,+152,NULL,b2b4,h2h4,1.538
2r1kb1r/5ppp/b1n2n2/4pPB1/Pp1pP3/1P4Q1/4NKPP/qNR5 w k - 2 19,14,-713,NULL,g5f6,b1d2,1.361
1nr3k1/q4ppp/3np3/3p4/2p5/4PPP1/2Q1N1KP/7R w - - 2 27,14,-536,NULL,c2c3,e2d4,0.317
8/4kp2/P1K4p/8/6P1/7P/1r4P1/R7 b - - 0 39,14,+773,NULL,b2c2,b2g2,4.631
8/p5b1/1pq1N1k1/2p1np2/P7/1B2P3/1BKN4/R7 w - - 3 38,14,+492,NULL,b3d5,a1g1,4.948
r4rk1/1p2nppp/p3bn2/3p4/P1p5/2N1PN1P/1P2BPP1/R1BR2K1 b - - 1 16,14,+452,NULL,f8d8,a8b8,0.943
5rk1/3b2pp/pr3P2/1ppR4/4N1Pq/2P2Q1P/PP3P2/5RK1 b - - 0 25,14,+501,NULL,d7e8,b6f6,5.907
7k/6p1/pp1p3p/2p2q2/2P4P/1P4PK/P2Q4/8 w - - 3 38,14,-29,NULL,h3h2,h3g2,0.326
q2k3r/8/pR2R3/3Bp3/4P3/P2P3P/1PP5/1K6 b - - 14 49,14,+866,NULL,a8d5,a8a7,4.008
3r2k1/pB2R2p/3P1Pp1/1p6/8/8/r5PP/3R2K1 w - - 0 27,14,+1452,NULL,d6d7,e7g7,0.266
2K5/2RPk3/7p/1p4p1/p1r5/5P2/5P2/8 b - - 5 46,14,+2153,NULL,e7d6,a4a3,0.439
3rk2r/ppp2ppp/2n5/8/1bP1n1b1/P1N1BN2/1P3PPP/R2BR1K1 b k - 0 15,14,+27,NULL,b4c3,e4c3,0.455
r3r2k/1p6/pb1pbnp1/4qp2/1P2p2P/PB6/5PP1/R2Q1RK1 w - - 4 23,14,-791,NULL,b3e6,b4b5,1.040
rn1qk2r/ppp2ppp/8/3p4/3P1P2/2PB1Q2/P1Pn2PP/R3K2R w KQkq - 0 11,14,+118,NULL,e1d2,d3b5,0.704
6k1/1p3p2/2p2KPP/p1P5/2n5/8/8/8 b - - 0 43,14,-734,NULL,f7g6,c4e5,2.279
8/r4pk1/3K2p1/7r/1R6/8/8/8 w - - 0 48,14,-666,NULL,b4d4,b4f4,0.310
4q1k1/p1p1r2r/3p3p/1P1P2p1/6Q1/N2p4/PP2N1PP/2R1K2R b K - 1 28,14,-406,NULL,e7e2,h7f7,6.814
8/8/8/8/6kp/3R4/8/r5K1 w - - 4 58,14,-4,NULL,g1h2,g1g2,0.197
3R2r1/4k1p1/5rP1/pp2pP2/1qp5/5K2/2B4Q/8 w - - 2 44,14,+413,NULL,d8g8,h2e5,1.473
rnbq1rk1/6b1/p1p3pp/1pPp1p2/PP1P1P2/3BB3/2Q1N1PP/3R1R1K b - - 0 18,14,+67,NULL,b8d7,d8e8,1.023
rn1qk2r/pp5p/2ppBnpQ/4p3/4P3/3P1N1P/PPP2PP1/R3K2R b KQkq - 2 12,14,+186,NULL,d8e7,h8f8,0.996
8/6pk/7p/3p1p2/3P1P2/p5P1/6K1/1r3N1R w - - 0 38,14,-592,NULL,f1d2,f1e3,1.652
7k/6p1/7p/7K/4r2P/6B1/3n2q1/8 b - - 3 48,14,NULL,#-2,g2f3,h8h7,0.014
r1bqr1k1/pppp1p2/5n1Q/2P1p3/4P3/2PP1N2/P4PPP/R3K2R b KQ - 0 12,14,-235,NULL,f6h7,f6g4,0.992
r4rk1/pppqbpp1/2n2n1p/3p4/3P3B/5B2/PPPN1PPP/R2QR1K1 w - - 4 12,14,+56,NULL,c2c3,d2b3,0.970
r1b1kb1r/pppp1pp1/5q1p/1B1Pp3/3N4/8/PPPP1PPP/R1BQ1RK1 b kq - 0 8,14,+97,NULL,e5d4,a7a6,0.639
8/p2Rq1r1/kpp4Q/8/5P2/2P2K2/2P3PP/3R4 b - - 6 33,14,+844,NULL,e7d7,g7g3,0.666
r3kb1r/ppq2ppb/2p1p2p/3nP2P/3P2PN/2N5/PP1BQP2/2R2RK1 b kq - 2 18,14,-54,NULL,c7d7,a8d8,1.277
6k1/5pp1/p3r2p/1p3N2/1P6/P4Q1P/3q1PP1/5RK1 w - - 3 31,14,+485,NULL,g2g4,f5e3,0.670
2kr1bnr/p1pp1q2/1p2p3/6p1/Q4Pp1/1PPPPbPP/P3K3/1R6 w - - 1 20,14,-1004,NULL,e2d2,e2e1,3.340
r1bqk1nr/p1pp1pbp/1p2p1p1/8/3P4/2NPPQ1N/PP3PPP/R1B1K2R w KQkq - 0 8,14,+416,NULL,f3a8,h3g5,0.342
5r1k/pp2q2p/6p1/1PpQp3/P3B3/6P1/5P1P/3R2K1 b - - 0 27,14,+480,NULL,b7b6,f8f7,0.507
7k/p6P/8/3q4/5KP1/8/8/5q2 w - - 6 63,14,NULL,#-2,f4g3,f4e3,0.005
4r1k1/Q3bnp1/1p1p3p/1q1Pp3/4B2P/3PN1P1/5P2/2R3K1 b - - 0 29,14,+494,NULL,e7d8,g7g6,2.020
r3kb1r/ppp1pppp/8/q2N4/3P4/5P2/PPnBQPBP/R3K2R w KQkq - 1 12,14,+318,NULL,e1d1,e1f1,0.290
8/5pp1/5k1p/5P2/4K1P1/8/7P/8 b - - 0 39,14,-414,NULL,f6g5,h6h5,0.992
rn1k1r2/ppp1qb1p/3p4/3P4/2B2Q2/2P1B3/P1P3PP/2K4R w - - 1 19,14,-304,NULL,f4h6,f4g3,1.210
8/K4P2/5Q2/6Q1/8/8/7k/8 w - - 5 76,14,NULL,#+1,f6h8,f6h6,0.008
2k1r2r/pp1n4/1b3np1/1N2pp1p/1P6/6N1/P1PB1PPP/R3R1K1 w - - 1 19,14,+202,NULL,b5d6,c2c4,0.621
1r1q1k1r/p3bp1p/1p1p2p1/3N4/2P5/B2Q1P2/5PPP/1R2R1K1 b - - 2 18,14,+751,NULL,e7g5,e7f6,0.549
3r1rk1/2q2p1p/ppB3p1/1P3bQ1/P1P5/5P2/2p3PP/R3R1K1 w - - 0 24,14,-136,NULL,g5e3,g5g3,0.773
r2qkbnr/pp3ppp/n2p4/2pP4/8/2N2b1P/PPP2PP1/R1BQKB1R w KQkq - 0 8,14,+458,NULL,f1b5,d1f3,5.619
r4rk1/2pb1pp1/p2p1qnp/4p3/2P1P3/3P1N1P/PB3PP1/R2QR1K1 w - - 1 17,14,-35,NULL,d3d4,b2c1,1.188
r3k2r/p1ppn1pp/1p6/2b1QB1q/1nP4P/4P1P1/PP1P1P2/R1B1K1NR w KQkq - 1 14,14,+579,NULL,f5d7,e5e4,0.731
8/pp5p/2p1rkp1/2n2p2/3Rn3/P4B2/2P3K1/8 b - - 5 46,14,-807,NULL,e6d6,f6e5,0.155
rnbqr1k1/pp2bpp1/2pp1nNp/8/2B1P3/P1NP1Q2/1PP2PPP/R1B1K2R b KQ - 1 9,14,-78,NULL,d6d5,c8g4,0.394
1nk2b1r/5ppp/3p2q1/3N4/2B1n3/4P1B1/3P1PPP/N1R3K1 b - - 9 22,14,-111,NULL,c8d8,e4g3,0.705
r2q1rk1/pp2bppp/1np1p3/3pPn2/3P4/2PQ1N1P/PP3PP1/R1B1RNK1 w - - 3 14,14,+67,NULL,e1e2,f1d2,0.637
7B/1R2P3/4k3/8/4P2p/3K2P1/8/8 b - - 0 52,14,NULL,#+7,e6f7,e6d6,0.012
8/1p2r3/ppk5/8/3R2P1/2P5/8/6K1 b - - 0 55,14,-447,NULL,b6b5,c6c5,4.269
1n1qkbnr/Rb2pppp/8/1p6/2pP4/4P3/1P3PPP/2BQKBNR b Kk - 2 9,14,+163,NULL,d8b6,b7d5,0.840
rn2k3/pp5p/2p5/5p2/3rpN2/5b2/PPK2P1P/RN2R3 b q - 1 21,14,-389,NULL,b8a6,b8d7,0.678
r1b2r2/pp3k1p/4p1P1/2ppnp1P/8/2PB4/PPP2P2/2KR3R b - - 0 19,14,-366,NULL,h7g6,f7f6,0.380
r4bnr/ppp2kpp/2n1b3/3p4/3Pq3/1QP1B3/PP3PPP/RN3RK1 w - - 2 11,14,-375,NULL,b3b7,b1d2,0.632
7r/2rkn3/3p3q/3pb3/3pPpRp/1Q1P1P1P/PP1BK3/R6B b - - 3 26,14,+90,NULL,h6f8,h8c8,1.124
r2q1rk1/3bbppp/p1pp1n2/4p1B1/4P3/3B2N1/PPP2PPP/R2Q1RK1 b - - 3 13,14,-8,NULL,h7h6,a6a5,0.866
1r1nr3/pp4k1/2p1pnpp/5p2/2Pq4/P2B1QNP/1P2RPP1/4R1K1 w - - 0 23,14,+209,NULL,d3f5,g3f5,0.577
2r5/1b2kp2/3bPnp1/7p/2B2P2/1PNR3P/4N1P1/7K b - - 0 28,14,+60,NULL,f6e4,f7e6,1.171
rnb1k2r/ppq2pp1/2pb1n2/4p2p/2BPP3/2N2N1P/PP3PP1/R1BQ1RK1 w kq - 0 10,14,+379,NULL,d4e5,f3g5,1.093
r5r1/ppp2k1p/3bbp2/2PQp3/8/8/P2P1PPP/R1B1R1K1 w - - 3 20,14,+520,NULL,d5b7,d5f3,0.519
2kr4/pp4p1/4p3/4p3/2P5/3pNq2/P4P1P/1R1R3K w - - 2 29,14,-484,NULL,h1g1,e3g2,0.092
r3q1k1/pp1nrp1p/6p1/2p3P1/2PB3P/3BP1R1/P2P1P2/6RK b - - 1 29,14,-618,NULL,c5d4,d7e5,0.241
rn3rk1/pp1b1ppp/2q1p1n1/3pP1b1/1P1P4/P1NB1N2/3Q1PPP/R4RK1 w - - 0 16,14,+124,NULL,f3g5,d2g5,0.313
r4rk1/1p1nbppp/1pp5/3pP2b/8/3P1N1P/PP1N1PP1/R1B1R1K1 w - - 1 15,14,-112,NULL,d3d4,g2g4,0.819
r1bqkb1r/pp1p3p/2n1pp2/2pn2NQ/2B5/3P4/PPP2PPP/RNB1K2R b KQkq - 1 8,14,+395,NULL,e8e7,NULL,0.043
2r2rk1/1p3p1p/4pp1n/NP6/P7/4P3/4QPPP/R1q3K1 w - - 0 24,14,-404,NULL,e2d1,e2e1,0.279
6k1/6p1/3Npb1p/8/2p5/4P1P1/1r3PKP/2R5 b - - 3 28,14,+24,NULL,c4c3,b2b6,0.302
3r2k1/5pbp/1r4p1/2p1P3/p3NP2/P6P/1P4P1/1R3RK1 w - - 0 24,14,+171,NULL,e4c5,e4c3,0.844
rnb1k1nr/p4pp1/2pp1q1p/Q3p3/4P3/1B1PBN2/1pP2PPP/1NKR3R w kq - 0 13,14,+460,NULL,c1b2,c1d2,0.462
rn4nr/ppp1kp1p/4b1p1/4N3/4PB2/2PB4/2P3PP/1R3RK1 b - - 3 14,14,+261,NULL,b7b6,g6g5,1.766
8/3N1p1p/3k4/pB1R4/2P4b/1KP5/1P5r/8 b - - 7 45,14,+601,NULL,d6c7,d6e7,0.559
2r2rk1/8/2b1pPp1/1p1pP1Np/pp1B1N2/8/P1P1K3/8 w - - 0 32,14,-60,NULL,f4e6,d4c5,0.762
r2q1rk1/pp3pp1/1np3bp/2b1p3/4P3/2NP1PQN/PPP3PP/R1B1K2R w KQ - 0 15,14,+116,NULL,h3f2,c1d2,1.114
8/8/1p6/8/4K3/8/p2k4/8 b - - 1 60,14,NULL,#-10,a2a1q,b6b5,0.761
5r2/4n3/1R5P/1p6/3k2NR/P2B4/1KP5/8 b - - 2 48,14,+1177,NULL,f8f1,e7c8,0.389
6k1/8/6p1/R2P3p/4qP2/6P1/5P1P/6K1 b - - 0 39,14,-863,NULL,e4e1,e4b1,0.478
2r2rk1/1p2q1pp/p1n1p1n1/3pP1N1/8/P2Q2B1/1P3PPP/4RRK1 w - - 5 23,14,-35,NULL,f2f4,h2h4,1.229
7r/7p/kpp5/p6P/2PP2R1/1K6/1P2r3/8 b - - 0 39,14,-626,NULL,h8f8,e2d2,0.624
8/5r1k/8/2R3K1/8/8/8/8 w - - 1 51,14,0,NULL,c5f5,c5e5,0.076
8/p1rp4/1p4Rp/2p1r2P/4kR2/6P1/PPP5/2K5 b - - 3 34,14,+156,NULL,e4e3,e4d5,0.105
8/2k5/ppbp4/3p4/3P1K2/2P5/2P4P/8 b - - 1 50,14,-595,NULL,a6a5,c7d7,0.186
1nbqk1nr/8/r1pppp1b/pp6/1P1PP1p1/P1N5/2PBBPPN/R2QR1K1 w k - 2 15,14,+175,NULL,e2g4,b4a5,1.022
4rrk1/ppb2ppp/2p2n2/8/3B4/1P2RQ1N/P1PP1PPq/R4K2 w - - 4 20,14,+187,NULL,d4f6,a1e1,0.893
r1bq1rk1/ppp1npp1/2np3p/2b1P3/2Bp1B2/5N2/PPP2PPP/RN1QR1K1 w - - 0 9,14,-90,NULL,e5d6,b1d2,0.758
5r2/pp1b1k2/1q2p2p/3pP1p1/3Qnp2/N1P5/PP2PPPP/R3KB1R b KQ - 2 16,14,0,NULL,b6b2,e4c5,0.183
2b2rk1/R1N3pn/1Q1p4/3Pp1q1/1P2p3/7P/2P2PPN/6K1 b - - 0 26,14,-846,NULL,c8h3,g5c1,0.706
2k5/p1p5/1p3q2/3p2p1/1P1Np1P1/2P5/P1KN1R2/8 b - - 0 27,14,-710,NULL,f6f2,f6d6,0.489
rnb1k1nr/pp6/2pp3b/4p3/2B1P2p/P1NPB2N/1PPQ2q1/2KR3R b kq - 5 18,14,+11,NULL,g2d2,c8h3,0.823
r3k1nr/ppp3p1/2np4/4pp1p/4P1bq/P1PP1P2/2P1K2P/R1BQ1BR1 b kq - 1 11,14,-512,NULL,f5f4,e8c8,0.734
4r3/5R2/6p1/P5k1/8/1P6/1KP2p2/8 b - - 1 38,14,+521,NULL,e8e2,e8e5,14.631
r1b2rk1/pp1p1ppp/4pn2/2b3q1/N7/2B5/P1P1BPPP/1R1Q1RK1 w - - 6 15,14,+307,NULL,h2h4,c3f6,0.809
2br1rk1/7p/p1ppp1pn/1p6/3PNPP1/3B4/PPP2R2/1K2R3 w - - 0 28,14,-21,NULL,g4g5,d3e2,0.884
r1bq1rk1/p4ppp/2p2n2/2b1p3/8/2N2N2/PPPP1PPP/R1BQ1RK1 w - - 0 9,14,+112,NULL,f3e5,d2d3,0.830
r2qr1k1/pb1n2pp/1p6/3pNp2/3Pn3/B2BQ3/P1P2PPP/R4RK1 w - - 2 16,14,+156,NULL,a1e1,f2f3,1.096
2R5/5kp1/4p2p/pK1p2pP/1p3r2/1P6/r7/2R5 b - - 1 41,14,-519,NULL,a5a4,d5d4,0.924
r3k2r/ppp1nppp/2n1b3/2q1p3/8/1P1P1N1P/P1P1BPP1/R1BQR1K1 b kq - 0 12,14,+70,NULL,a8d8,e8g8,1.662
r1b2r1k/pp2Nppp/2p5/3p4/8/3BBP2/P1P2P1P/R3K2R w KQ - 0 18,14,+625,NULL,e1c1,e7c8,0.425
r2q1rk1/1p1bbppp/p1nppn2/1Bp5/4P3/P1NPBN2/1PP2PPP/R2Q1RK1 w - - 0 10,14,-38,NULL,b5c4,b5a4,0.391
4r1k1/5p1p/p5p1/5b2/3R1PB1/2B1r1P1/PP3K1P/3R4 b - - 0 25,14,+39,NULL,f5g4,h7h5,0.609
5rk1/5p1p/6p1/3Q4/3PP3/q4K1P/5PP1/8 w - - 5 35,14,-473,NULL,f3f4,f3g4,0.488
8/8/4k3/p1p3b1/P1P1PpP1/1P6/5K2/1b1B4 b - - 0 44,14,-940,NULL,e6e5,b1d3,0.798
B7/1R2bk1p/4p1p1/1P2r3/3p4/1RnP2P1/2P2P1P/6K1 b - - 4 35,14,+529,NULL,c3a4,e5e1,2.106
r2qk2r/ppp2p2/2pb1n1p/4p1p1/4P3/3P1bB1/PPPN1PPP/R2Q1RK1 w kq - 0 11,14,+94,NULL,d1f3,d2f3,0.588
rn2kbnr/ppp1pppp/8/3b4/8/5P2/PPPP2PP/RNB1KBNR b KQkq - 0 5,14,-17,NULL,b8c6,f7f6,0.957
8/8/8/p3p3/K1kp1p1p/P4P1P/3b2P1/2N5 w - - 1 40,14,-1004,NULL,c1b3,g2g3,0.912
rn1q1rk1/1b2bppp/3p3B/3Pp3/1p4R1/2NQ2P1/5PBP/4R1K1 b - - 1 22,14,+79,NULL,g7g6,f7f5,0.779
3r4/Nkp5/1p6/5pp1/3np2p/1P6/R4PPP/7K w - - 0 33,14,-623,NULL,g2g4,a2a4,0.364
rnq2rk1/pb1pnpbp/1p1Pp1p1/6B1/8/2N2N2/PPP2PPP/R2QKB1R w KQ - 1 10,14,+331,NULL,d6e7,g5e7,0.799
q5k1/5pp1/2r2n1p/8/1Q1P4/2N1PN1P/3K1PP1/r1B4R w - - 0 26,14,-215,NULL,b4b3,d2e2,6.992
3k4/1R6/p1pB4/6b1/PPP5/4p3/6P1/5K2 b - - 0 44,14,+779,NULL,g5f6,g5h4,0.853
5r1k/p1p3pp/6r1/4Rpq1/1PBp4/P2P1Q2/2P2PPP/4R1K1 w - - 11 24,14,+791,NULL,f3a8,e5e8,1.010
3r2k1/r4p2/5p2/2Pb1N2/1P3P2/6Pp/P1RR1K1P/8 b - - 4 40,14,+641,NULL,d8d7,d5a2,1.297
8/8/p1P5/5P2/1k6/8/4K3/8 b - - 0 43,14,NULL,#+11,b4c5,a6a5,0.035
r3k3/pp3pp1/2p1p1p1/8/1P2P3/2PK4/P4q1r/R2QR3 b q - 1 22,14,NULL,#-3,a8d8,e8c8,0.186
r5r1/p3Rp1k/1p4bp/2pR4/3p1P2/P7/1P5K/8 b - - 0 29,14,-715,NULL,a8d8,g8d8,1.200
8/7p/6pk/8/PP2Q2P/8/8/1K3q2 w - - 1 41,14,+232,NULL,b1a2,b1c2,0.432
3r2k1/pp3pp1/2p4p/8/1Pb1n3/P3K1P1/6PP/3q4 b - - 3 28,14,NULL,#-2,d1g4,e4f6,0.015
rnb1kb1r/ppqpnppp/4p3/2p1P3/3P4/1BP2N2/PP1B1PPP/RN1QK2R b KQkq - 6 8,14,+126,NULL,b7b5,b8c6,1.394
r6r/3p4/b1pP1k1p/p1p2p2/P1P5/5N2/1P1K1P2/4R1R1 w - - 2 31,14,NULL,#+3,f3e5,b2b3,0.762
r2qkb1r/pp1n1ppp/4p3/2Pp4/1P2n3/4PN2/P1P2PPP/RNBQ1RK1 b kq - 3 8,14,+94,NULL,a7a5,b7b6,0.716
2r5/2P2R2/8/1p2k2p/PP5P/1K6/8/8 w - - 1 46,14,+856,NULL,a4b5,a4a5,0.276
r1bqkbnr/pppp1ppp/2n5/8/2PPp3/8/PP2PPPP/RNBQKBNR b KQkq - 1 4,14,-20,NULL,d7d5,g8f6,0.850
8/8/1pK5/p1p5/P1P4k/2P4P/8/4q3 b - - 1 48,14,-926,NULL,e1c3,e1e4,0.128
3r2k1/pqp2pb1/4p1pp/4P3/P1N5/8/4QPPP/3R2K1 b - - 0 24,14,-373,NULL,d8d1,d8d5,0.627
8/7p/4p3/3k4/1R1Pb3/P7/6PP/6K1 w - - 3 34,14,+608,NULL,a3a4,h2h4,0.333
r3qrk1/6pp/2pB4/1pQp4/p3b1B1/2P1P2P/PP4P1/R5K1 b - - 3 29,14,-358,NULL,e8f7,a4a3,1.303
8/1R4k1/3r2p1/p3Np2/P2b4/5P1P/5PK1/5R2 b - - 4 34,14,+697,NULL,g7f6,g7g8,1.102
8/6kp/p1N3p1/1p1p2p1/6b1/2bBp1P1/P7/5K2 b - - 1 40,14,-663,NULL,h7h6,h7h5,0.790
r1b1k1nr/pp1p1p1p/1q2p1p1/2b1P3/5Q2/2P5/PP1B1PPP/RN2KB1R b KQkq - 3 10,14,-257,NULL,b6b2,g6g5,0.427
2r3k1/2r1qp2/p3pNp1/1p1p2P1/3P4/1PP1R1Q1/P4P2/7K b - - 1 39,14,+224,NULL,g8f8,e7f6,0.595
r2q1rk1/pp2bppp/2n1pB2/3p3b/3P4/2PB1N1P/PP1N1PP1/R2Q1RK1 b - - 0 11,14,-48,NULL,g7f6,e7f6,0.368
rnbq1rk1/ppppb1pp/5n2/4ppB1/2P5/2NP4/PP1QPPPP/2KR1BNR b - - 7 6,14,-69,NULL,c7c6,d7d6,0.660
1r3rk1/p3qppp/4p3/3p4/N3n3/1P6/P3QPPP/R4RK1 w - - 0 18,14,-198,NULL,e2a6,f1c1,0.575
8/8/1p6/p3kB1P/6P1/1P3pr1/P7/4K3 b - - 1 43,14,-572,NULL,g3g2,e5f4,1.320
4r1k1/pp2npp1/3p2rp/2p5/2PnP1PK/P2PN3/2PN1R2/8 w - - 1 33,14,-548,NULL,d2b1,d2f1,0.438
r2q1rk1/p5pp/1p1p2n1/2pP2b1/3pP3/1P1Q1P1P/P3N1P1/R3KB1R w KQ - 0 17,14,-410,NULL,e2c1,f3f4,1.380
8/p7/1p1k4/5P2/7B/7P/b4P2/6K1 b - - 0 46,14,-5,NULL,a2b1,a2g8,0.289
r3k2r/1p2q1pp/2p1pn2/b1PpNb2/1B1P4/PQ2P2P/3K1PB1/R6R b kq - 4 21,14,-201,NULL,a5c7,a5d8,0.668
1r3k2/r5p1/p1p2p1p/1p1pnP2/P6K/1B5P/1PP2RP1/5R2 w - - 7 37,14,-221,NULL,f1a1,a4b5,0.298
8/p1p2k2/2p2b2/1p3R2/5P1N/1P3P2/P6P/6K1 w - - 0 39,14,+649,NULL,g1g2,g1f2,0.502
3rr1k1/pp4q1/5p2/2P3p1/1P1P1p1p/P6P/5PP1/2QRK2R w K - 1 29,14,+65,NULL,e1f1,e1d2,0.246
2kr1b1r/ppp1pppp/8/4P3/1B3P2/P1N2K2/1P4PP/n4B1R w - - 2 18,14,-218,NULL,f1c4,c3e4,0.712
6k1/p4p1p/6p1/8/P7/1P2P1P1/1r2qP1P/R3R1K1 b - - 4 33,14,NULL,#-2,e2f2,e2f3,0.395
rn3rk1/1b3pbp/pq1ppnp1/6B1/2p1P3/P1NP1PP1/2P1N1BP/R2Q1R1K w - - 0 15,14,+96,NULL,d3d4,a1b1,1.181
r1bqkbnr/pp4pp/2n1pP2/2pp4/3P4/2P2N2/PP3PPP/RNBQKB1R b KQkq - 0 6,16,-12,NULL,g8f6,g7f6,1.757
rn1qk1nr/pbp1bppp/1p1pp3/8/3PP3/2N1BN2/PPP1BPPP/R2QK2R b KQkq - 3 6,16,+37,NULL,g8f6,b8d7,2.619
2kr1b1r/ppnnp1p1/2p3bp/8/2PP1q2/1PB2P1B/P2N4/R3K1NR b KQ - 1 22,16,-867,NULL,f4e3,e7e6,3.173
r1bq1rk1/pp1p1ppp/1b3n2/n1pP4/4P3/P2B1N2/1P3PPP/RNBQ1RK1 b - - 0 10,16,+105,NULL,c5c4,f6g4,2.448
r1b1kbnr/pp3ppp/2n1p3/2p1P3/3p1P2/3P1N2/PqPN1BPP/R2QKB1R b KQkq - 1 8,16,-171,NULL,c6b4,g8e7,3.076
8/pp4pp/b3N1k1/8/7P/2P5/PP2qK2/8 w - - 2 39,16,NULL,#-8,f2g3,f2g1,0.044
r6k/1pp3p1/1b4p1/p2Qp3/P3P2q/5P1P/1PP2P1K/R4R2 w - - 0 26,16,+402,NULL,d5e5,d5e6,5.679
3n4/p2pk1p1/5pB1/1qpQp3/1r6/4PN2/2P1KPPP/3R4 w - - 6 26,16,+683,NULL,e2e1,d1d3,15.540
r2qkbnr/ppp1pppp/8/3p1b2/1n6/3PP3/PPP1NPPP/RNBQKB1R b KQkq - 0 5,16,-57,NULL,c7c5,e7e5,1.524
r1b2rk1/pp3pp1/2p1p2q/3n2Nn/2BP3P/2N3Q1/PPP5/1K3R1R w - - 11 22,16,+200,NULL,g3d6,g3e5,2.571
r1bqk1nr/pp2bppp/2n1p3/2p5/3pPP2/3P1B2/PPP1N1PP/RNBQ1RK1 b kq - 3 7,16,+37,NULL,a8b8,g8f6,2.423
2kr1r2/pp2R3/3q4/3P3p/8/2N2P2/PPP3PK/R2Q4 w - - 1 21,16,+120,NULL,h2h1,h2g1,1.963
r1b2rk1/1p3ppp/8/6q1/1PB2n2/1Q2B2P/P4PP1/3R1RK1 w - - 3 23,16,+347,NULL,c4f7,e3f4,2.320
4r1k1/7p/2p2qb1/p1p1ppR1/2Pp1P2/1P1P2Q1/P5P1/4R1K1 b - - 1 35,16,+77,NULL,e5e4,e8e6,1.006
rnb1k2r/ppppqppp/8/8/1b2nB2/2NP1N2/PPP3PP/R2QKB1R w KQkq - 0 7,16,+362,NULL,d3e4,f1e2,2.411
5k2/5pp1/K6p/8/4PN2/5P2/6PP/4n3 w - - 1 39,16,0,NULL,a6b6,a6b7,0.257
r7/B1R1k1pp/3p1p1n/4p3/1P6/5P2/P4P1P/6K1 b - - 2 22,16,+543,NULL,e7e6,e7d8,61.281
rnb1kbnr/1p1p1q1p/2pB1p2/p1P3p1/3QP3/P1N2N2/1P3PPP/R3KB1R b KQkq - 0 10,16,+429,NULL,b7b5,f8d6,6.542
r2qk2r/1b1pbppp/2n1pn2/8/1p6/1N2PN2/PP1BBPPP/R2Q1RK1 w kq - 4 12,16,-17,NULL,d1c2,d1b1,2.554
r2qr1k1/1p3p1p/p1p2n2/5B2/5B2/8/P1P4P/1R3RK1 b - - 2 30,16,-806,NULL,d8d4,f6h5,3.936
8/2n4p/1p2P1p1/1r3n2/p2P2Pk/P4N1P/4NP2/2R3K1 b - - 1 35,16,+822,NULL,h4h3,NULL,2.654
r2qk2r/p4ppp/2p1bn2/b2p4/N7/4B1PP/PP2PPB1/R2Q1RK1 b kq - 6 13,16,+68,NULL,e8g8,d8c8,2.946
4r2r/pbk1q2p/1ppp1pp1/8/3PPbQ1/2N5/PPP2PPP/R4RK1 w - - 0 16,16,+196,NULL,g4f4,f1d1,1.668
8/8/8/4K3/8/4q3/4k3/8 w - - 12 83,16,NULL,#-8,e5d5,e5d6,0.052
r4rk1/pp1bqppp/2n2n2/4p3/3p4/6N1/P1PN1PPP/R2Q1RK1 w - - 6 15,16,-579,NULL,a1b1,f2f4,1.787
rr4k1/5pp1/2nq1n1p/p3p2P/3pP2R/5B2/PpP1QPPB/1K1R4 w - - 2 24,16,-532,NULL,f3g4,e2c4,12.844
r2q1r2/pbpp1pkp/1pn1p1p1/8/3PP1n1/2PB1N2/PP3PPP/RNQ2RK1 w - - 0 11,16,+84,NULL,h2h3,b2b4,2.448
6k1/qp4p1/4Qp2/5B1p/4P3/5P1P/6PK/5b2 b - - 13 43,16,+844,NULL,g8f8,g8h8,30.790
8/8/4k3/6R1/7R/4P3/1P3PPP/6K1 b - - 14 49,16,NULL,#+6,e6f6,e6e7,0.029
N1b3nr/p2k1ppp/1p1p4/1p6/5B2/2N5/PPP2PPP/R3K2R w KQ - 0 15,16,+868,NULL,e1c1,c3b5,1.057
r2q1rk1/4n1bp/ppn1Ppp1/8/8/2NBB3/PPP2PPP/R2Q1RK1 w - - 0 14,16,+386,NULL,d3c4,a2a4,3.545
8/8/4k1p1/1p2ppP1/1Pp1p2P/P1P5/4BK2/8 w - - 1 37,16,+6239,NULL,f2e3,e2d1,4.822
8/6pp/p7/4Pk2/5P1P/P1r2K2/8/8 w - - 1 48,16,-1138,NULL,f3e2,f3f2,0.293
2b2rk1/R1q1nppp/4p3/1p6/2pP4/B1P1P3/5PPP/4KBNR w K - 0 20,16,+692,NULL,a7c7,a3c5,0.575
1r2k1nr/1b2q1bp/pQn3p1/2pp4/8/2P5/PP1NBP1P/R1BK1R2 w k - 2 18,16,-374,NULL,f1e1,d2b3,9.057
r2qk1nr/ppp2p2/2nb3p/5p2/2pP2p1/P5P1/1P1NPPBP/R1BQ1RK1 w kq - 0 11,16,+280,NULL,d2c4,f1e1,2.663
3r2k1/1p3pp1/p2p3p/8/2q5/1R1R4/P1P4P/1K6 b - - 5 29,16,-752,NULL,d8e8,d8c8,2.585
r3rb1k/ppp2p2/3p4/n3pNQ1/4P3/2qP2PP/P2N2P1/R3R1K1 w - - 0 26,16,+1421,NULL,g5f6,g5h4,17.070
8/1q3PK1/8/2kp4/8/5Q2/8/8 w - - 3 65,16,NULL,#+14,g7g8,g7h6,2.635
r2qk2r/pp3pbp/2p2np1/1B1Ppb2/8/2P5/PP1P1PPP/nNBK1QNR w kq - 0 12,16,-539,NULL,d5c6,b5d3,2.599
2kr1bnr/p3q1pp/1p1pnp2/2P1p3/7P/B1PP2P1/P3PPbR/RN1QK1N1 b Q - 1 15,16,-342,NULL,g2c6,g2a8,1.220
2kr3r/1pp3pp/p3pp2/2q2n2/1n3P2/1P2PN2/P3Q1PP/R1B2RK1 w - - 0 17,16,-181,NULL,c1a3,g2g4,2.696
r1b1k2r/1p2bppp/1qn1p3/p1p2n2/4N1B1/2PP3P/PP3PPN/R1BQ1RK1 b kq - 1 11,16,-65,NULL,a5a4,e8g8,3.121
r2q1rk1/1b2bp1p/p3p1p1/p2pP3/3B1P2/2NQ2P1/1PP4P/2KRR3 w - - 0 20,16,+38,NULL,g3g4,d3e3,2.692
4k1nr/ppp2ppp/4p3/4N3/8/4P2P/2q3P1/5rK1 w k - 0 28,16,-1137,NULL,g1f1,g1h2,0.054
r4rk1/1p1bq1pp/p3p3/3p1p2/3Nn3/P1PBPQ1P/1P3PP1/R3K2R b KQ - 1 15,16,-195,NULL,e6e5,a8d8,3.413
4k3/1K3pp1/4q2p/8/8/8/8/4n3 b - - 17 52,16,NULL,#-4,e1d3,f7f6,0.024
rnbqkbnr/pp3pp1/2pp3p/4p3/4P3/5N2/PPPPBPPP/RNBQ1RK1 b kq - 1 5,16,+42,NULL,g8f6,f8e7,1.336
4k3/1p6/5K2/6P1/pr6/8/8/8 b - - 1 53,16,NULL,#-8,a4a3,b4b2,0.236
rnbqkbnr/1p1p1ppp/p1p1p3/8/5B2/3P2P1/PPP1PPBP/RN1QK1NR b KQkq - 1 4,16,+49,NULL,d7d5,g8f6,1.740
8/2k5/7R/8/1Br3Pp/P4B1P/7K/8 b - g3 0 47,16,+838,NULL,c4c2,c7d7,3.860
r6r/p2bkp2/Q1pp2q1/6np/2P1P1p1/4P1R1/PP1NB1PP/5RK1 w - - 0 22,16,+167,NULL,c4c5,e4e5,3.590
r2qr1k1/1b1nppbp/6p1/3pP3/2p2P2/P1B1P2P/2P1N1P1/R2Q1RK1 b - - 1 19,16,-312,NULL,e7e6,d8c7,5.695
rnbq1knr/pppp2pp/8/2b1Q3/4P3/8/PPPP1PPP/RNB1K1NR b KQ - 0 5,16,-221,NULL,d7d6,d8e7,3.414
r1q1k2r/p2nbpQp/2p2p2/1p2p3/4P3/2NB4/PPP2PPP/R2R2K1 b kq - 3 14,16,+280,NULL,h8f8,d7f8,1.460
2kr3r/pp1qbppp/8/2pP4/2P1RP2/8/PP4PP/R1BQ2K1 b - - 0 16,16,+101,NULL,h8e8,d8e8,2.012
rnbqk1nr/ppp2pb1/4p1pp/3pP3/3P4/2N2N2/PPP2PPP/R1BQKB1R w KQkq - 0 6,16,+149,NULL,b2b4,h2h4,2.860
2r1kb1r/5ppp/b1n2n2/4pPB1/Pp1pP3/1P4Q1/4NKPP/qNR5 w k - 2 19,16,-741,NULL,g5f6,b1d2,2.830
1nr3k1/q4ppp/3np3/3p4/2p5/4PPP1/2Q1N1KP/7R w - - 2 27,16,-585,NULL,e2d4,c2c3,2.474
8/4kp2/P1K4p/8/6P1/7P/1r4P1/R7 b - - 0 39,16,+908,NULL,h6h5,b2c2,15.308
8/p5b1/1pq1N1k1/2p1np2/P7/1B2P3/1BKN4/R7 w - - 3 38,16,+549,NULL,b3d5,a1g1,8.751
r4rk1/1p2nppp/p3bn2/3p4/P1p5/2N1PN1P/1P2BPP1/R1BR2K1 b - - 1 16,16,+444,NULL,e7c6,f8e8,3.162
5rk1/3b2pp/pr3P2/1ppR4/4N1Pq/2P2Q1P/PP3P2/5RK1 b - - 0 25,16,+511,NULL,d7e8,b6f6,6.144
7k/6p1/pp1p3p/2p2q2/2P4P/1P4PK/P2Q4/8 w - - 3 38,16,-16,NULL,h3h2,h3g2,0.613
q2k3r/8/pR2R3/3Bp3/4P3/P2P3P/1PP5/1K6 b - - 14 49,16,+902,NULL,a8d5,a8a7,6.266
3r2k1/pB2R2p/3P1Pp1/1p6/8/8/r5PP/3R2K1 w - - 0 27,16,NULL,#+11,b7d5,d6d7,0.442
2K5/2RPk3/7p/1p4p1/p1r5/5P2/5P2/8 b - - 5 46,16,+4023,NULL,g5g4,e7e6,0.372
3rk2r/ppp2ppp/2n5/8/1bP1n1b1/P1N1BN2/1P3PPP/R2BR1K1 b k - 0 15,16,+32,NULL,b4c3,e4c3,0.864
r3r2k/1p6/pb1pbnp1/4qp2/1P2p2P/PB6/5PP1/R2Q1RK1 w - - 4 23,16,-830,NULL,b3e6,b4b5,9.523
rn1qk2r/ppp2ppp/8/3p4/3P1P2/2PB1Q2/P1Pn2PP/R3K2R w KQkq - 0 11,16,+102,NULL,e1d2,d3b5,1.833
6k1/1p3p2/2p2KPP/p1P5/2n5/8/8/8 b - - 0 43,16,-1090,NULL,f7g6,c4e5,0.925
8/r4pk1/3K2p1/7r/1R6/8/8/8 w - - 0 48,16,-1476,NULL,b4b1,b4f4,17.859
4q1k1/p1p1r2r/3p3p/1P1P2p1/6Q1/N2p4/PP2N1PP/2R1K2R b K - 1 28,16,-457,NULL,e7e2,h7f7,6.110
8/8/8/8/6kp/3R4/8/r5K1 w - - 4 58,16,-3,NULL,g1g2,g1f2,0.224
3R2r1/4k1p1/5rP1/pp2pP2/1qp5/5K2/2B4Q/8 w - - 2 44,16,+437,NULL,d8g8,h2e5,4.816
rnbq1rk1/6b1/p1p3pp/1pPp1p2/PP1P1P2/3BB3/2Q1N1PP/3R1R1K b - - 0 18,16,+65,NULL,b8d7,d8e8,1.612
rn1qk2r/pp5p/2ppBnpQ/4p3/4P3/3P1N1P/PPP2PP1/R3K2R b KQkq - 2 12,16,+188,NULL,d8e7,h8f8,3.769
8/6pk/7p/3p1p2/3P1P2/p5P1/6K1/1r3N1R w - - 0 38,16,-657,NULL,f1d2,f1e3,8.453
7k/6p1/7p/7K/4r2P/6B1/3n2q1/8 b - - 3 48,16,NULL,#-2,h8h7,g2f3,0.018
r1bqr1k1/pppp1p2/5n1Q/2P1p3/4P3/2PP1N2/P4PPP/R3K2R b KQ - 0 12,16,-237,NULL,f6h7,f6g4,2.556
r4rk1/pppqbpp1/2n2n1p/3p4/3P3B/5B2/PPPN1PPP/R2QR1K1 w - - 4 12,16,+59,NULL,c2c3,d2b3,2.099
r1b1kb1r/pppp1pp1/5q1p/1B1Pp3/3N4/8/PPPP1PPP/R1BQ1RK1 b kq - 0 8,16,+87,NULL,e5d4,a7a6,1.819
8/p2Rq1r1/kpp4Q/8/5P2/2P2K2/2P3PP/3R4 b - - 6 33,16,+797,NULL,e7d7,e7f7,0.450
r3kb1r/ppq2ppb/2p1p2p/3nP2P/3P2PN/2N5/PP1BQP2/2R2RK1 b kq - 2 18,16,-57,NULL,c7d7,a8d8,2.998
6k1/5pp1/p3r2p/1p3N2/1P6/P4Q1P/3q1PP1/5RK1 w - - 3 31,16,+474,NULL,f5e3,g2g4,1.501
2kr1bnr/p1pp1q2/1p2p3/6p1/Q4Pp1/1PPPPbPP/P3K3/1R6 w - - 1 20,16,-1041,NULL,e2d2,e2f2,12.771
r1bqk1nr/p1pp1pbp/1p2p1p1/8/3P4/2NPPQ1N/PP3PPP/R1B1K2R w KQkq - 0 8,16,+398,NULL,f3a8,h3g5,0.874
5r1k/pp2q2p/6p1/1PpQp3/P3B3/6P1/5P1P/3R2K1 b - - 0 27,16,+463,NULL,b7b6,f8f7,1.259
7k/p6P/8/3q4/5KP1/8/8/5q2 w - - 6 63,16,NULL,#-2,f4g3,f4e3,0.012
4r1k1/Q3bnp1/1p1p3p/1q1Pp3/4B2P/3PN1P1/5P2/2R3K1 b - - 0 29,16,+529,NULL,e7f6,e7d8,5.497
r3kb1r/ppp1pppp/8/q2N4/3P4/5P2/PPnBQPBP/R3K2R w KQkq - 1 12,16,+331,NULL,e1d1,e1f1,2.191
8/5pp1/5k1p/5P2/4K1P1/8/7P/8 b - - 0 39,16,-529,NULL,f6g5,f6e7,0.780
rn1k1r2/ppp1qb1p/3p4/3P4/2B2Q2/2P1B3/P1P3PP/2K4R w - - 1 19,16,-339,NULL,h2h4,h1e1,8.111
8/K4P2/5Q2/6Q1/8/8/7k/8 w - - 5 76,16,NULL,#+1,f6h8,f6h6,0.014
2k1r2r/pp1n4/1b3np1/1N2pp1p/1P6/6N1/P1PB1PPP/R3R1K1 w - - 1 19,16,+200,NULL,b5d6,c2c4,1.395
1r1q1k1r/p3bp1p/1p1p2p1/3N4/2P5/B2Q1P2/5PPP/1R2R1K1 b - - 2 18,16,+788,NULL,b8b7,e7g5,3.312
3r1rk1/2q2p1p/ppB3p1/1P3bQ1/P1P5/5P2/2p3PP/R3R1K1 w - - 0 24,16,-140,NULL,g5e3,a1c1,2.513
r2qkbnr/pp3ppp/n2p4/2pP4/8/2N2b1P/PPP2PP1/R1BQKB1R w KQkq - 0 8,16,+471,NULL,f1b5,d1f3,12.232
r4rk1/2pb1pp1/p2p1qnp/4p3/2P1P3/3P1N1P/PB3PP1/R2QR1K1 w - - 1 17,16,-37,NULL,d3d4,b2c1,2.238
r3k2r/p1ppn1pp/1p6/2b1QB1q/1nP4P/4P1P1/PP1P1P2/R1B1K1NR w KQkq - 1 14,16,+610,NULL,f5d7,e5e4,4.329
8/pp5p/2p1rkp1/2n2p2/3Rn3/P4B2/2P3K1/8 b - - 5 46,16,-861,NULL,e6d6,f6e5,2.596
rnbqr1k1/pp2bpp1/2pp1nNp/8/2B1P3/P1NP1Q2/1PP2PPP/R1B1K2R b KQ - 1 9,16,-97,NULL,d6d5,c8g4,0.779
1nk2b1r/5ppp/3p2q1/3N4/2B1n3/4P1B1/3P1PPP/N1R3K1 b - - 9 22,16,-145,NULL,c8d8,e4g3,2.816
r2q1rk1/pp2bppp/1np1p3/3pPn2/3P4/2PQ1N1P/PP3PP1/R1B1RNK1 w - - 3 14,16,+61,NULL,f1h2,e1e2,1.498
7B/1R2P3/4k3/8/4P2p/3K2P1/8/8 b - - 0 52,16,NULL,#+7,e6f7,e6d6,0.021
8/1p2r3/ppk5/8/3R2P1/2P5/8/6K1 b - - 0 55,16,-510,NULL,c6c5,b6b5,15.845
1n1qkbnr/Rb2pppp/8/1p6/2pP4/4P3/1P3PPP/2BQKBNR b Kk - 2 9,16,+159,NULL,d8b6,d8c8,2.561
rn2k3/pp5p/2p5/5p2/3rpN2/5b2/PPK2P1P/RN2R3 b q - 1 21,16,-432,NULL,b8a6,b8d7,2.974
r1b2r2/pp3k1p/4p1P1/2ppnp1P/8/2PB4/PPP2P2/2KR3R b - - 0 19,16,-410,NULL,h7g6,f7f6,2.112
r4bnr/ppp2kpp/2n1b3/3p4/3Pq3/1QP1B3/PP3PPP/RN3RK1 w - - 2 11,16,-388,NULL,b3b7,e3g5,3.633
7r/2rkn3/3p3q/3pb3/3pPpRp/1Q1P1P1P/PP1BK3/R6B b - - 3 26,16,+70,NULL,h8c8,h6f8,4.248
r2q1rk1/3bbppp/p1pp1n2/4p1B1/4P3/3B2N1/PPP2PPP/R2Q1RK1 b - - 3 13,16,-16,NULL,a6a5,h7h6,2.156
1r1nr3/pp4k1/2p1pnpp/5p2/2Pq4/P2B1QNP/1P2RPP1/4R1K1 w - - 0 23,16,+215,NULL,d3f5,g3f5,1.678
2r5/1b2kp2/3bPnp1/7p/2B2P2/1PNR3P/4N1P1/7K b - - 0 28,16,+50,NULL,f6e4,f7e6,2.213
rnb1k2r/ppq2pp1/2pb1n2/4p2p/2BPP3/2N2N1P/PP3PP1/R1BQ1RK1 w kq - 0 10,16,+376,NULL,d4e5,f3g5,2.781
r5r1/ppp2k1p/3bbp2/2PQp3/8/8/P2P1PPP/R1B1R1K1 w - - 3 20,16,+580,NULL,d5f3,d5b7,6.516
2kr4/pp4p1/4p3/4p3/2P5/3pNq2/P4P1P/1R1R3K w - - 2 29,16,-548,NULL,h1g1,e3g2,0.943
r3q1k1/pp1nrp1p/6p1/2p3P1/2PB3P/3BP1R1/P2P1P2/6RK b - - 1 29,16,-640,NULL,c5d4,d7e5,0.622
rn3rk1/pp1b1ppp/2q1p1n1/3pP1b1/1P1P4/P1NB1N2/3Q1PPP/R4RK1 w - - 0 16,16,+120,NULL,f3g5,d2g5,1.684
r4rk1/1p1nbppp/1pp5/3pP2b/8/3P1N1P/PP1N1PP1/R1B1R1K1 w - - 1 15,16,-111,NULL,d3d4,g2g4,1.921
r1bqkb1r/pp1p3p/2n1pp2/2pn2NQ/2B5/3P4/PPP2PPP/RNB1K2R b KQkq - 1 8,16,+387,NULL,e8e7,NULL,0.079
2r2rk1/1p3p1p/4pp1n/NP6/P7/4P3/4QPPP/R1q3K1 w - - 0 24,16,-433,NULL,e2e1,e2d1,4.483
6k1/6p1/3Npb1p/8/2p5/4P1P1/1r3PKP/2R5 b - - 3 28,16,+21,NULL,c4c3,b2b6,0.733
3r2k1/5pbp/1r4p1/2p1P3/p3NP2/P6P/1P4P1/1R3RK1 w - - 0 24,16,+179,NULL,e4c5,e4c3,1.004
rnb1k1nr/p4pp1/2pp1q1p/Q3p3/4P3/1B1PBN2/1pP2PPP/1NKR3R w kq - 0 13,16,+459,NULL,c1b2,c1d2,0.416
rn4nr/ppp1kp1p/4b1p1/4N3/4PB2/2PB4/2P3PP/1R3RK1 b - - 3 14,16,+246,NULL,b7b6,g6g5,5.917
8/3N1p1p/3k4/pB1R4/2P4b/1KP5/1P5r/8 b - - 7 45,16,+597,NULL,d6c7,d6e7,1.533
2r2rk1/8/2b1pPp1/1p1pP1Np/pp1B1N2/8/P1P1K3/8 w - - 0 32,16,-92,NULL,f4e6,e2d3,2.412
r2q1rk1/pp3pp1/1np3bp/2b1p3/4P3/2NP1PQN/PPP3PP/R1B1K2R w KQ - 0 15,16,+115,NULL,h3f2,c1d2,2.779
8/8/1p6/8/4K3/8/p2k4/8 b - - 1 60,16,NULL,#-9,a2a1q,b6b5,1.874
5r2/4n3/1R5P/1p6/3k2NR/P2B4/1KP5/8 b - - 2 48,16,+1142,NULL,d4c5,d4d5,0.629
6k1/8/6p1/R2P3p/4qP2/6P1/5P1P/6K1 b - - 0 39,16,-1194,NULL,e4e1,e4b1,1.183
2r2rk1/1p2q1pp/p1n1p1n1/3pP1N1/8/P2Q2B1/1P3PPP/4RRK1 w - - 5 23,16,-45,NULL,f2f4,g5f3,2.485
7r/7p/kpp5/p6P/2PP2R1/1K6/1P2r3/8 b - - 0 39,16,-644,NULL,h8f8,h8e8,1.235
8/5r1k/8/2R3K1/8/8/8/8 w - - 1 51,16,0,NULL,c5b5,c5c6,0.322
8/p1rp4/1p4Rp/2p1r2P/4kR2/6P1/PPP5/2K5 b - - 3 34,16,+190,NULL,e4e3,e4d5,0.217
8/2k5/ppbp4/3p4/3P1K2/2P5/2P4P/8 b - - 1 50,16,-896,NULL,c6a4,a6a5,3.858
1nbqk1nr/8/r1pppp1b/pp6/1P1PP1p1/P1N5/2PBBPPN/R2QR1K1 w k - 2 15,16,+179,NULL,e2g4,d2h6,1.679
4rrk1/ppb2ppp/2p2n2/8/3B4/1P2RQ1N/P1PP1PPq/R4K2 w - - 4 20,16,+206,NULL,d4f6,a1e1,1.576
r1bq1rk1/ppp1npp1/2np3p/2b1P3/2Bp1B2/5N2/PPP2PPP/RN1QR1K1 w - - 0 9,16,-94,NULL,e5d6,b1d2,1.752
5r2/pp1b1k2/1q2p2p/3pP1p1/3Qnp2/N1P5/PP2PPPP/R3KB1R b KQ - 2 16,16,0,NULL,b6b2,e4c5,0.490
2b2rk1/R1N3pn/1Q1p4/3Pp1q1/1P2p3/7P/2P2PPN/6K1 b - - 0 26,16,-1404,NULL,c8h3,g5c1,5.990
2k5/p1p5/1p3q2/3p2p1/1P1Np1P1/2P5/P1KN1R2/8 b - - 0 27,16,-745,NULL,f6f2,f6e7,0.931
rnb1k1nr/pp6/2pp3b/4p3/2B1P2p/P1NPB2N/1PPQ2q1/2KR3R b kq - 5 18,16,0,NULL,g2d2,c8h3,1.637
r3k1nr/ppp3p1/2np4/4pp1p/4P1bq/P1PP1P2/2P1K2P/R1BQ1BR1 b kq - 1 11,16,-509,NULL,f5f4,g8f6,3.996
4r3/5R2/6p1/P5k1/8/1P6/1KP2p2/8 b - - 1 38,16,+506,NULL,e8e2,e8e5,12.043
r1b2rk1/pp1p1ppp/4pn2/2b3q1/N7/2B5/P1P1BPPP/1R1Q1RK1 w - - 6 15,16,+290,NULL,h2h4,c3f6,1.267
2br1rk1/7p/p1ppp1pn/1p6/3PNPP1/3B4/PPP2R2/1K2R3 w - - 0 28,16,-31,NULL,g4g5,d3e2,2.677
r1bq1rk1/p4ppp/2p2n2/2b1p3/8/2N2N2/PPPP1PPP/R1BQ1RK1 w - - 0 9,16,+115,NULL,f3e5,d2d3,2.091
r2qr1k1/pb1n2pp/1p6/3pNp2/3Pn3/B2BQ3/P1P2PPP/R4RK1 w - - 2 16,16,+148,NULL,a1e1,f2f3,1.844
2R5/5kp1/4p2p/pK1p2pP/1p3r2/1P6/r7/2R5 b - - 1 41,16,-595,NULL,a5a4,f7f6,9.461
r3k2r/ppp1nppp/2n1b3/2q1p3/8/1P1P1N1P/P1P1BPP1/R1BQR1K1 b kq - 0 12,16,+65,NULL,a8d8,e8g8,2.622
r1b2r1k/pp2Nppp/2p5/3p4/8/3BBP2/P1P2P1P/R3K2R w KQ - 0 18,16,+613,NULL,e7c8,e1c1,1.118
r2q1rk1/1p1bbppp/p1nppn2/1Bp5/4P3/P1NPBN2/1PP2PPP/R2Q1RK1 w - - 0 10,16,-49,NULL,b5c4,b5a4,1.090
4r1k1/5p1p/p5p1/5b2/3R1PB1/2B1r1P1/PP3K1P/3R4 b - - 0 25,16,+26,NULL,f5g4,e3c3,1.056
5rk1/5p1p/6p1/3Q4/3PP3/q4K1P/5PP1/8 w - - 5 35,16,-496,NULL,f3f4,f3g4,1.709
8/8/4k3/p1p3b1/P1P1PpP1/1P6/5K2/1b1B4 b - - 0 44,16,-1443,NULL,e6d6,b1d3,3.860
B7/1R2bk1p/4p1p1/1P2r3/3p4/1RnP2P1/2P2P1P/6K1 b - - 4 35,16,+561,NULL,c3a4,e5e1,11.014
r2qk2r/ppp2p2/2pb1n1p/4p1p1/4P3/3P1bB1/PPPN1PPP/R2Q1RK1 w kq - 0 11,16,+87,NULL,d1f3,d2f3,1.378
rn2kbnr/ppp1pppp/8/3b4/8/5P2/PPPP2PP/RNB1KBNR b KQkq - 0 5,16,-23,NULL,b7b6,b8c6,2.374
8/8/8/p3p3/K1kp1p1p/P4P1P/3b2P1/2N5 w - - 1 40,16,-1260,NULL,c1b3,c1a2,2.177
rn1q1rk1/1b2bppp/3p3B/3Pp3/1p4R1/2NQ2P1/5PBP/4R1K1 b - - 1 22,16,+81,NULL,g7g6,f7f5,1.826
3r4/Nkp5/1p6/5pp1/3np2p/1P6/R4PPP/7K w - - 0 33,16,-708,NULL,b3b4,h2h3,5.246
rnq2rk1/pb1pnpbp/1p1Pp1p1/6B1/8/2N2N2/PPP2PPP/R2QKB1R w KQ - 1 10,16,+339,NULL,d6e7,g5e7,3.695
q5k1/5pp1/2r2n1p/8/1Q1P4/2N1PN1P/3K1PP1/r1B4R w - - 0 26,16,-197,NULL,b4b3,d2e2,5.749
3k4/1R6/p1pB4/6b1/PPP5/4p3/6P1/5K2 b - - 0 44,16,+943,NULL,d8c8,d8e8,1.053
5r1k/p1p3pp/6r1/4Rpq1/1PBp4/P2P1Q2/2P2PPP/4R1K1 w - - 11 24,16,+988,NULL,f3a8,e5e8,10.257
3r2k1/r4p2/5p2/2Pb1N2/1P3P2/6Pp/P1RR1K1P/8 b - - 4 40,16,+683,NULL,d8d7,d8a8,5.829
8/8/p1P5/5P2/1k6/8/4K3/8 b - - 0 43,16,NULL,#+11,a6a5,b4c5,0.072
r3k3/pp3pp1/2p1p1p1/8/1P2P3/2PK4/P4q1r/R2QR3 b q - 1 22,16,NULL,#-3,e8c8,a8d8,0.597
r5r1/p3Rp1k/1p4bp/2pR4/3p1P2/P7/1P5K/8 b - - 0 29,16,-736,NULL,a8d8,g8d8,2.155
8/7p/6pk/8/PP2Q2P/8/8/1K3q2 w - - 1 41,16,+251,NULL,b1c2,b1a2,1.233
3r2k1/pp3pp1/2p4p/8/1Pb1n3/P3K1P1/6PP/3q4 b - - 3 28,16,NULL,#-2,d1g4,d1e2,0.021
rnb1kb1r/ppqpnppp/4p3/2p1P3/3P4/1BP2N2/PP1B1PPP/RN1QK2R b KQkq - 6 8,16,+126,NULL,b8c6,b7b5,2.804
r6r/3p4/b1pP1k1p/p1p2p2/P1P5/5N2/1P1K1P2/4R1R1 w - - 2 31,16,NULL,#+3,f3e5,d2c3,1.158
r2qkb1r/pp1n1ppp/4p3/2Pp4/1P2n3/4PN2/P1P2PPP/RNBQ1RK1 b kq - 3 8,16,+82,NULL,a7a5,b7b6,2.250
2r5/2P2R2/8/1p2k2p/PP5P/1K6/8/8 w - - 1 46,16,+917,NULL,a4b5,a4a5,0.602
r1bqkbnr/pppp1ppp/2n5/8/2PPp3/8/PP2PPPP/RNBQKBNR b KQkq - 1 4,16,-19,NULL,d7d5,g8f6,2.016
8/8/1pK5/p1p5/P1P4k/2P4P/8/4q3 b - - 1 48,16,NULL,#-11,e1c3,e1e4,0.154
3r2k1/pqp2pb1/4p1pp/4P3/P1N5/8/4QPPP/3R2K1 b - - 0 24,16,-402,NULL,d8d1,d8d5,6.772
8/7p/4p3/3k4/1R1Pb3/P7/6PP/6K1 w - - 3 34,16,+653,NULL,h2h4,g2g3,1.685
r3qrk1/6pp/2pB4/1pQp4/p3b1B1/2P1P2P/PP4P1/R5K1 b - - 3 29,16,-371,NULL,e8f7,f8f6,4.202
8/1R4k1/3r2p1/p3Np2/P2b4/5P1P/5PK1/5R2 b - - 4 34,16,+768,NULL,g7f6,g7g8,4.263
8/6kp/p1N3p1/1p1p2p1/6b1/2bBp1P1/P7/5K2 b - - 1 40,16,-772,NULL,g4c8,g4d7,8.834
r1b1k1nr/pp1p1p1p/1q2p1p1/2b1P3/5Q2/2P5/PP1B1PPP/RN2KB1R b KQkq - 3 10,16,-275,NULL,b6b2,g6g5,0.944
2r3k1/2r1qp2/p3pNp1/1p1p2P1/3P4/1PP1R1Q1/P4P2/7K b - - 1 39,16,+316,NULL,g8f8,e7f6,11.683
r2q1rk1/pp2bppp/2n1pB2/3p3b/3P4/2PB1N1P/PP1N1PP1/R2Q1RK1 b - - 0 11,16,-54,NULL,g7f6,e7f6,1.376
rnbq1rk1/ppppb1pp/5n2/4ppB1/2P5/2NP4/PP1QPPPP/2KR1BNR b - - 7 6,16,-84,NULL,d7d6,h7h6,2.678
1r3rk1/p3qppp/4p3/3p4/N3n3/1P6/P3QPPP/R4RK1 w - - 0 18,16,-213,NULL,f1c1,a1c1,2.135
8/8/1p6/p3kB1P/6P1/1P3pr1/P7/4K3 b - - 1 43,16,-641,NULL,g3g2,e5f4,2.889
4r1k1/pp2npp1/3p2rp/2p5/2PnP1PK/P2PN3/2PN1R2/8 w - - 1 33,16,-552,NULL,d2b1,d2f1,1.489
r2q1rk1/p5pp/1p1p2n1/2pP2b1/3pP3/1P1Q1P1P/P3N1P1/R3KB1R w KQ - 0 17,16,-438,NULL,h3h4,f3f4,5.707
8/p7/1p1k4/5P2/7B/7P/b4P2/6K1 b - - 0 46,16,-5,NULL,a2b1,d6e5,0.571
r3k2r/1p2q1pp/2p1pn2/b1PpNb2/1B1P4/PQ2P2P/3K1PB1/R6R b kq - 4 21,16,-205,NULL,a5c7,a5d8,2.654
1r3k2/r5p1/p1p2p1p/1p1pnP2/P6K/1B5P/1PP2RP1/5R2 w - - 7 37,16,-254,NULL,a4b5,f1a1,1.865
8/p1p2k2/2p2b2/1p3R2/5P1N/1P3P2/P6P/6K1 w - - 0 39,16,+684,NULL,f5h5,h2h3,4.029
3rr1k1/pp4q1/5p2/2P3p1/1P1P1p1p/P6P/5PP1/2QRK2R w K - 1 29,16,+54,NULL,e1f1,e1d2,1.053
2kr1b1r/ppp1pppp/8/4P3/1B3P2/P1N2K2/1P4PP/n4B1R w - - 2 18,16,-219,NULL,f1c4,c3e4,1.288
6k1/p4p1p/6p1/8/P7/1P2P1P1/1r2qP1P/R3R1K1 b - - 4 33,16,NULL,#-2,e2f2,e2f3,2.554
rn3rk1/1b3pbp/pq1ppnp1/6B1/2p1P3/P1NP1PP1/2P1N1BP/R2Q1R1K w - - 0 15,16,+94,NULL,d3d4,a1b1,2.275
r1bqkbnr/pp4pp/2n1pP2/2pp4/3P4/2P2N2/PP3PPP/RNBQKB1R b KQkq - 0 6,18,-22,NULL,g8f6,g7f6,3.301
rn1qk1nr/pbp1bppp/1p1pp3/8/3PP3/2N1BN2/PPP1BPPP/R2QK2R b KQkq - 3 6,18,+35,NULL,g8f6,b8d7,5.338
2kr1b1r/ppnnp1p1/2p3bp/8/2PP1q2/1PB2P1B/P2N4/R3K1NR b KQ - 1 22,18,-880,NULL,f4e3,e7e6,3.484
r1bq1rk1/pp1p1ppp/1b3n2/n1pP4/4P3/P2B1N2/1P3PPP/RNBQ1RK1 b - - 0 10,18,+93,NULL,c5c4,f6g4,6.706
r1b1kbnr/pp3ppp/2n1p3/2p1P3/3p1P2/3P1N2/PqPN1BPP/R2QKB1R b KQkq - 1 8,18,-184,NULL,c6b4,g8e7,5.160
8/pp4pp/b3N1k1/8/7P/2P5/PP2qK2/8 w - - 2 39,18,NULL,#-10,f2g3,f2g1,0.048
r6k/1pp3p1/1b4p1/p2Qp3/P3P2q/5P1P/1PP2P1K/R4R2 w - - 0 26,18,+410,NULL,d5e5,d5e6,16.082
3n4/p2pk1p1/5pB1/1qpQp3/1r6/4PN2/2P1KPPP/3R4 w - - 6 26,18,+722,NULL,e2e1,d1d3,21.941
r2qkbnr/ppp1pppp/8/3p1b2/1n6/3PP3/PPP1NPPP/RNBQKB1R b KQkq - 0 5,18,-50,NULL,c7c5,b4c6,4.074
r1b2rk1/pp3pp1/2p1p2q/3n2Nn/2BP3P/2N3Q1/PPP5/1K3R1R w - - 11 22,18,+220,NULL,g3d6,g3e1,5.565
r1bqk1nr/pp2bppp/2n1p3/2p5/3pPP2/3P1B2/PPP1N1PP/RNBQ1RK1 b kq - 3 7,18,+42,NULL,g8f6,e6e5,4.085
2kr1r2/pp2R3/3q4/3P3p/8/2N2P2/PPP3PK/R2Q4 w - - 1 21,18,+131,NULL,h2g1,h2h1,4.729
r1b2rk1/1p3ppp/8/6q1/1PB2n2/1Q2B2P/P4PP1/3R1RK1 w - - 3 23,18,+359,NULL,c4f7,e3f4,10.820
4r1k1/7p/2p2qb1/p1p1ppR1/2Pp1P2/1P1P2Q1/P5P1/4R1K1 b - - 1 35,18,+80,NULL,e5e4,e8e7,1.628
rnb1k2r/ppppqppp/8/8/1b2nB2/2NP1N2/PPP3PP/R2QKB1R w KQkq - 0 7,18,+367,NULL,d3e4,f1e2,9.418
5k2/5pp1/K6p/8/4PN2/5P2/6PP/4n3 w - - 1 39,18,0,NULL,a6b5,a6b6,0.476
r7/B1R1k1pp/3p1p1n/4p3/1P6/5P2/P4P1P/6K1 b - - 2 22,18,+467,NULL,e7d8,e7e6,18.269
rnb1kbnr/1p1p1q1p/2pB1p2/p1P3p1/3QP3/P1N2N2/1P3PPP/R3KB1R b KQkq - 0 10,18,+435,NULL,b7b5,f8d6,10.482
r2qk2r/1b1pbppp/2n1pn2/8/1p6/1N2PN2/PP1BBPPP/R2Q1RK1 w kq - 4 12,18,-12,NULL,d1c2,d1b1,4.634
r2qr1k1/1p3p1p/p1p2n2/5B2/5B2/8/P1P4P/1R3RK1 b - - 2 30,18,-798,NULL,d8d4,f6h5,6.798
8/2n4p/1p2P1p1/1r3n2/p2P2Pk/P4N1P/4NP2/2R3K1 b - - 1 35,18,+715,NULL,h4h3,NULL,0.619
r2qk2r/p4ppp/2p1bn2/b2p4/N7/4B1PP/PP2PPB1/R2Q1RK1 b kq - 6 13,18,+60,NULL,e8g8,d8c8,6.258
4r2r/pbk1q2p/1ppp1pp1/8/3PPbQ1/2N5/PPP2PPP/R4RK1 w - - 0 16,18,+178,NULL,g4f4,f1d1,4.020
8/8/8/4K3/8/4q3/4k3/8 w - - 12 83,18,NULL,#-10,e5d6,e5d5,0.182
r4rk1/pp1bqppp/2n2n2/4p3/3p4/6N1/P1PN1PPP/R2Q1RK1 w - - 6 15,18,-574,NULL,a1b1,f1e1,5.422
rr4k1/5pp1/2nq1n1p/p3p2P/3pP2R/5B2/PpP1QPPB/1K1R4 w - - 2 24,18,-570,NULL,f3g4,e2c4,31.282
r2q1r2/pbpp1pkp/1pn1p1p1/8/3PP1n1/2PB1N2/PP3PPP/RNQ2RK1 w - - 0 11,18,+76,NULL,h2h3,b1d2,3.981
6k1/qp4p1/4Qp2/5B1p/4P3/5P1P/6PK/5b2 b - - 13 43,18,+1760,NULL,g8f8,g8h8,169.647
8/8/4k3/6R1/7R/4P3/1P3PPP/6K1 b - - 14 49,18,NULL,#+6,e6f6,e6e7,0.038
N1b3nr/p2k1ppp/1p1p4/1p6/5B2/2N5/PPP2PPP/R3K2R w KQ - 0 15,18,+883,NULL,e1c1,c3b5,4.966
r2q1rk1/4n1bp/ppn1Ppp1/8/8/2NBB3/PPP2PPP/R2Q1RK1 w - - 0 14,18,+393,NULL,d3c4,c3a4,7.084
8/8/4k1p1/1p2ppP1/1Pp1p2P/P1P5/4BK2/8 w - - 1 37,18,NULL,#+28,f2e3,f2f1,14.391
8/6pp/p7/4Pk2/5P1P/P1r2K2/8/8 w - - 1 48,18,-8115,NULL,f3e2,f3f2,0.155
2b2rk1/R1q1nppp/4p3/1p6/2pP4/B1P1P3/5PPP/4KBNR w K - 0 20,18,+706,NULL,a7c7,a3c5,5.718
1r2k1nr/1b2q1bp/pQn3p1/2pp4/8/2P5/PP1NBP1P/R1BK1R2 w k - 2 18,18,-411,NULL,f1e1,d2b3,41.384
r2qk1nr/ppp2p2/2nb3p/5p2/2pP2p1/P5P1/1P1NPPBP/R1BQ1RK1 w kq - 0 11,18,+278,NULL,d2c4,f1e1,10.928
3r2k1/1p3pp1/p2p3p/8/2q5/1R1R4/P1P4P/1K6 b - - 5 29,18,-777,NULL,d8e8,d8c8,10.856
r3rb1k/ppp2p2/3p4/n3pNQ1/4P3/2qP2PP/P2N2P1/R3R1K1 w - - 0 26,18,+1408,NULL,g5h5,g5f6,35.153
8/1q3PK1/8/2kp4/8/5Q2/8/8 w - - 3 65,18,NULL,#+13,g7g8,g7h6,24.675
r2qk2r/pp3pbp/2p2np1/1B1Ppb2/8/2P5/PP1P1PPP/nNBK1QNR w kq - 0 12,18,-571,NULL,d5c6,b5d3,21.922
2kr1bnr/p3q1pp/1p1pnp2/2P1p3/7P/B1PP2P1/P3PPbR/RN1QK1N1 b Q - 1 15,18,-346,NULL,g2c6,g2b7,4.515
2kr3r/1pp3pp/p3pp2/2q2n2/1n3P2/1P2PN2/P3Q1PP/R1B2RK1 w - - 0 17,18,-188,NULL,c1a3,g2g4,7.092
r1b1k2r/1p2bppp/1qn1p3/p1p2n2/4N1B1/2PP3P/PP3PPN/R1BQ1RK1 b kq - 1 11,18,-71,NULL,a5a4,e8g8,4.900
r2q1rk1/1b2bp1p/p3p1p1/p2pP3/3B1P2/2NQ2P1/1PP4P/2KRR3 w - - 0 20,18,+19,NULL,g3g4,h2h4,5.895
4k1nr/ppp2ppp/4p3/4N3/8/4P2P/2q3P1/5rK1 w k - 0 28,18,-1199,NULL,g1f1,g1h2,0.313
r4rk1/1p1bq1pp/p3p3/3p1p2/3Nn3/P1PBPQ1P/1P3PP1/R3K2R b KQ - 1 15,18,-204,NULL,a8d8,e6e5,6.096
4k3/1K3pp1/4q2p/8/8/8/8/4n3 b - - 17 52,18,NULL,#-4,e1d3,h6h5,0.031
rnbqkbnr/pp3pp1/2pp3p/4p3/4P3/5N2/PPPPBPPP/RNBQ1RK1 b kq - 1 5,18,+32,NULL,g8f6,f8e7,3.242
4k3/1p6/5K2/6P1/pr6/8/8/8 b - - 1 53,18,NULL,#-8,a4a3,b4b6,0.291
rnbqkbnr/1p1p1ppp/p1p1p3/8/5B2/3P2P1/PPP1PPBP/RN1QK1NR b KQkq - 1 4,18,+39,NULL,f8e7,c6c5,2.238
8/2k5/7R/8/1Br3Pp/P4B1P/7K/8 b - g3 0 47,18,+1150,NULL,c7d7,c4d4,5.775
r6r/p2bkp2/Q1pp2q1/6np/2P1P1p1/4P1R1/PP1NB1PP/5RK1 w - - 0 22,18,+170,NULL,e4e5,c4c5,8.839
r2qr1k1/1b1nppbp/6p1/3pP3/2p2P2/P1B1P2P/2P1N1P1/R2Q1RK1 b - - 1 19,18,-312,NULL,d7c5,a8a6,14.862
rnbq1knr/pppp2pp/8/2b1Q3/4P3/8/PPPP1PPP/RNB1K1NR b KQ - 0 5,18,-230,NULL,d7d5,d7d6,10.436
r1q1k2r/p2nbpQp/2p2p2/1p2p3/4P3/2NB4/PPP2PPP/R2R2K1 b kq - 3 14,18,+269,NULL,h8f8,d7f8,4.110
2kr3r/pp1qbppp/8/2pP4/2P1RP2/8/PP4PP/R1BQ2K1 b - - 0 16,18,+83,NULL,h8e8,e7f6,4.308
rnbqk1nr/ppp2pb1/4p1pp/3pP3/3P4/2N2N2/PPP2PPP/R1BQKB1R w KQkq - 0 6,18,+147,NULL,b2b4,f1d3,6.342
2r1kb1r/5ppp/b1n2n2/4pPB1/Pp1pP3/1P4Q1/4NKPP/qNR5 w k - 2 19,18,-779,NULL,g5f6,b1d2,23.999
1nr3k1/q4ppp/3np3/3p4/2p5/4PPP1/2Q1N1KP/7R w - - 2 27,18,-631,NULL,e2d4,g2f2,12.516
8/4kp2/P1K4p/8/6P1/7P/1r4P1/R7 b - - 0 39,18,+1051,NULL,e7f6,f7f5,43.545
8/p5b1/1pq1N1k1/2p1np2/P7/1B2P3/1BKN4/R7 w - - 3 38,18,+535,NULL,b3d5,a1g1,11.603
r4rk1/1p2nppp/p3bn2/3p4/P1p5/2N1PN1P/1P2BPP1/R1BR2K1 b - - 1 16,18,+432,NULL,e7c6,f8e8,4.843
5rk1/3b2pp/pr3P2/1ppR4/4N1Pq/2P2Q1P/PP3P2/5RK1 b - - 0 25,18,+512,NULL,d7e8,b6f6,20.687
7k/6p1/pp1p3p/2p2q2/2P4P/1P4PK/P2Q4/8 w - - 3 38,18,-19,NULL,h3h2,h3g2,1.244
q2k3r/8/pR2R3/3Bp3/4P3/P2P3P/1PP5/1K6 b - - 14 49,18,+817,NULL,a8a7,a8c8,5.473
3r2k1/pB2R2p/3P1Pp1/1p6/8/8/r5PP/3R2K1 w - - 0 27,18,NULL,#+9,b7d5,d6d7,0.899
2K5/2RPk3/7p/1p4p1/p1r5/5P2/5P2/8 b - - 5 46,18,+2969,NULL,a4a3,e7e6,2.027
3rk2r/ppp2ppp/2n5/8/1bP1n1b1/P1N1BN2/1P3PPP/R2BR1K1 b k - 0 15,18,+31,NULL,b4c3,e4c3,1.776
r3r2k/1p6/pb1pbnp1/4qp2/1P2p2P/PB6/5PP1/R2Q1RK1 w - - 4 23,18,-858,NULL,b3e6,a1a2,43.343
rn1qk2r/ppp2ppp/8/3p4/3P1P2/2PB1Q2/P1Pn2PP/R3K2R w KQkq - 0 11,18,+75,NULL,e1d2,d3b5,3.244
6k1/1p3p2/2p2KPP/p1P5/2n5/8/8/8 b - - 0 43,18,-1392,NULL,c4e5,f7g6,3.306
8/r4pk1/3K2p1/7r/1R6/8/8/8 w - - 0 48,18,-2811,NULL,b4b6,b4d4,3.929
4q1k1/p1p1r2r/3p3p/1P1P2p1/6Q1/N2p4/PP2N1PP/2R1K2R b K - 1 28,18,-525,NULL,e7e2,h7f7,35.606
8/8/8/8/6kp/3R4/8/r5K1 w - - 4 58,18,-3,NULL,g1h2,g1g2,0.423
3R2r1/4k1p1/5rP1/pp2pP2/1qp5/5K2/2B4Q/8 w - - 2 44,18,+518,NULL,d8g8,h2e5,16.799
rnbq1rk1/6b1/p1p3pp/1pPp1p2/PP1P1P2/3BB3/2Q1N1PP/3R1R1K b - - 0 18,18,+54,NULL,b8d7,d8e8,4.000
rn1qk2r/pp5p/2ppBnpQ/4p3/4P3/3P1N1P/PPP2PP1/R3K2R b KQkq - 2 12,18,+175,NULL,d8e7,f6h5,11.432
8/6pk/7p/3p1p2/3P1P2/p5P1/6K1/1r3N1R w - - 0 38,18,-677,NULL,f1d2,f1e3,16.808
7k/6p1/7p/7K/4r2P/6B1/3n2q1/8 b - - 3 48,18,NULL,#-2,h8h7,g2f3,0.022
r1bqr1k1/pppp1p2/5n1Q/2P1p3/4P3/2PP1N2/P4PPP/R3K2R b KQ - 0 12,18,-226,NULL,f6h7,f6g4,7.417
r4rk1/pppqbpp1/2n2n1p/3p4/3P3B/5B2/PPPN1PPP/R2QR1K1 w - - 4 12,18,+42,NULL,c2c3,d2f1,4.551
r1b1kb1r/pppp1pp1/5q1p/1B1Pp3/3N4/8/PPPP1PPP/R1BQ1RK1 b kq - 0 8,18,+80,NULL,e5d4,a7a6,4.069
8/p2Rq1r1/kpp4Q/8/5P2/2P2K2/2P3PP/3R4 b - - 6 33,18,+1074,NULL,e7d7,e7g5,12.463
r3kb1r/ppq2ppb/2p1p2p/3nP2P/3P2PN/2N5/PP1BQP2/2R2RK1 b kq - 2 18,18,-63,NULL,a8d8,c7d7,6.076
6k1/5pp1/p3r2p/1p3N2/1P6/P4Q1P/3q1PP1/5RK1 w - - 3 31,18,+480,NULL,f1d1,g2g4,6.149
2kr1bnr/p1pp1q2/1p2p3/6p1/Q4Pp1/1PPPPbPP/P3K3/1R6 w - - 1 20,18,-1060,NULL,e2d2,e2e1,36.840
r1bqk1nr/p1pp1pbp/1p2p1p1/8/3P4/2NPPQ1N/PP3PPP/R1B1K2R w KQkq - 0 8,18,+418,NULL,f3a8,h3g5,4.012
5r1k/pp2q2p/6p1/1PpQp3/P3B3/6P1/5P1P/3R2K1 b - - 0 27,18,+537,NULL,b7b6,f8f7,7.716
7k/p6P/8/3q4/5KP1/8/8/5q2 w - - 6 63,18,NULL,#-2,f4g3,f4e3,0.009
4r1k1/Q3bnp1/1p1p3p/1q1Pp3/4B2P/3PN1P1/5P2/2R3K1 b - - 0 29,18,+577,NULL,e7f8,e7f6,25.125
r3kb1r/ppp1pppp/8/q2N4/3P4/5P2/PPnBQPBP/R3K2R w KQkq - 1 12,18,+334,NULL,e1d1,e1f1,4.979
8/5pp1/5k1p/5P2/4K1P1/8/7P/8 b - - 0 39,18,-534,NULL,f6g5,f6e7,4.011
rn1k1r2/ppp1qb1p/3p4/3P4/2B2Q2/2P1B3/P1P3PP/2K4R w - - 1 19,18,-349,NULL,f4h6,f4g3,17.755
8/K4P2/5Q2/6Q1/8/8/7k/8 w - - 5 76,18,NULL,#+1,f6h8,f6h6,0.017
2k1r2r/pp1n4/1b3np1/1N2pp1p/1P6/6N1/P1PB1PPP/R3R1K1 w - - 1 19,18,+191,NULL,b5d6,c2c4,3.904
1r1q1k1r/p3bp1p/1p1p2p1/3N4/2P5/B2Q1P2/5PPP/1R2R1K1 b - - 2 18,18,+850,NULL,e7f6,e7g5,25.858
3r1rk1/2q2p1p/ppB3p1/1P3bQ1/P1P5/5P2/2p3PP/R3R1K1 w - - 0 24,18,-157,NULL,g5e3,g5g3,5.822
r2qkbnr/pp3ppp/n2p4/2pP4/8/2N2b1P/PPP2PP1/R1BQKB1R w KQkq - 0 8,18,+525,NULL,f1b5,d1f3,36.414
r4rk1/2pb1pp1/p2p1qnp/4p3/2P1P3/3P1N1P/PB3PP1/R2QR1K1 w - - 1 17,18,-39,NULL,d3d4,b2c1,5.218
r3k2r/p1ppn1pp/1p6/2b1QB1q/1nP4P/4P1P1/PP1P1P2/R1B1K1NR w KQkq - 1 14,18,+612,NULL,f5d7,e5e4,12.235
8/pp5p/2p1rkp1/2n2p2/3Rn3/P4B2/2P3K1/8 b - - 5 46,18,-901,NULL,e6d6,f6e5,5.779
rnbqr1k1/pp2bpp1/2pp1nNp/8/2B1P3/P1NP1Q2/1PP2PPP/R1B1K2R b KQ - 1 9,18,-100,NULL,d6d5,c8g4,1.960
1nk2b1r/5ppp/3p2q1/3N4/2B1n3/4P1B1/3P1PPP/N1R3K1 b - - 9 22,18,-132,NULL,c8d8,e4g3,5.165
r2q1rk1/pp2bppp/1np1p3/3pPn2/3P4/2PQ1N1P/PP3PP1/R1B1RNK1 w - - 3 14,18,+62,NULL,e1e2,f1h2,3.866
7B/1R2P3/4k3/8/4P2p/3K2P1/8/8 b - - 0 52,18,NULL,#+7,e6f7,e6d6,0.022
8/1p2r3/ppk5/8/3R2P1/2P5/8/6K1 b - - 0 55,18,-510,NULL,c6c5,b6b5,16.103
1n1qkbnr/Rb2pppp/8/1p6/2pP4/4P3/1P3PPP/2BQKBNR b Kk - 2 9,18,+179,NULL,d8b6,d8c8,7.218
rn2k3/pp5p/2p5/5p2/3rpN2/5b2/PPK2P1P/RN2R3 b q - 1 21,18,-427,NULL,b8a6,b8d7,5.139
r1b2r2/pp3k1p/4p1P1/2ppnp1P/8/2PB4/PPP2P2/2KR3R b - - 0 19,18,-417,NULL,f7f6,h7g6,5.122
r4bnr/ppp2kpp/2n1b3/3p4/3Pq3/1QP1B3/PP3PPP/RN3RK1 w - - 2 11,18,-385,NULL,b3b7,b1d2,8.415
7r/2rkn3/3p3q/3pb3/3pPpRp/1Q1P1P1P/PP1BK3/R6B b - - 3 26,18,+63,NULL,h8c8,h6f8,8.819
r2q1rk1/3bbppp/p1pp1n2/4p1B1/4P3/3B2N1/PPP2PPP/R2Q1RK1 b - - 3 13,18,-17,NULL,h7h6,a6a5,3.765
1r1nr3/pp4k1/2p1pnpp/5p2/2Pq4/P2B1QNP/1P2RPP1/4R1K1 w - - 0 23,18,+215,NULL,d3f5,g3f5,3.068
2r5/1b2kp2/3bPnp1/7p/2B2P2/1PNR3P/4N1P1/7K b - - 0 28,18,+54,NULL,f6e4,f7e6,6.962
rnb1k2r/ppq2pp1/2pb1n2/4p2p/2BPP3/2N2N1P/PP3PP1/R1BQ1RK1 w kq - 0 10,18,+387,NULL,d4e5,f3g5,8.319
r5r1/ppp2k1p/3bbp2/2PQp3/8/8/P2P1PPP/R1B1R1K1 w - - 3 20,18,+615,NULL,d5f3,d5b7,12.419
2kr4/pp4p1/4p3/4p3/2P5/3pNq2/P4P1P/1R1R3K w - - 2 29,18,-611,NULL,h1g1,e3g2,17.200
r3q1k1/pp1nrp1p/6p1/2p3P1/2PB3P/3BP1R1/P2P1P2/6RK b - - 1 29,18,-670,NULL,c5d4,d7e5,2.636
rn3rk1/pp1b1ppp/2q1p1n1/3pP1b1/1P1P4/P1NB1N2/3Q1PPP/R4RK1 w - - 0 16,18,+118,NULL,f3g5,d2g5,3.385
r4rk1/1p1nbppp/1pp5/3pP2b/8/3P1N1P/PP1N1PP1/R1B1R1K1 w - - 1 15,18,-125,NULL,g2g4,d3d4,4.174
r1bqkb1r/pp1p3p/2n1pp2/2pn2NQ/2B5/3P4/PPP2PPP/RNB1K2R b KQkq - 1 8,18,+389,NULL,e8e7,NULL,1.979
2r2rk1/1p3p1p/4pp1n/NP6/P7/4P3/4QPPP/R1q3K1 w - - 0 24,18,-422,NULL,e2d1,e2e1,7.648
6k1/6p1/3Npb1p/8/2p5/4P1P1/1r3PKP/2R5 b - - 3 28,18,+27,NULL,c4c3,b2b6,1.165
3r2k1/5pbp/1r4p1/2p1P3/p3NP2/P6P/1P4P1/1R3RK1 w - - 0 24,18,+166,NULL,e4c5,e4c3,2.626
rnb1k1nr/p4pp1/2pp1q1p/Q3p3/4P3/1B1PBN2/1pP2PPP/1NKR3R w kq - 0 13,18,+490,NULL,c1b2,c1d2,3.076
rn4nr/ppp1kp1p/4b1p1/4N3/4PB2/2PB4/2P3PP/1R3RK1 b - - 3 14,18,+253,NULL,b7b6,g6g5,11.588
8/3N1p1p/3k4/pB1R4/2P4b/1KP5/1P5r/8 b - - 7 45,18,+643,NULL,d6c7,d6e7,32.149
2r2rk1/8/2b1pPp1/1p1pP1Np/pp1B1N2/8/P1P1K3/8 w - - 0 32,18,-90,NULL,f4e6,d4c5,9.273
r2q1rk1/pp3pp1/1np3bp/2b1p3/4P3/2NP1PQN/PPP3PP/R1B1K2R w KQ - 0 15,18,+116,NULL,h3f2,f3f4,7.257
8/8/1p6/8/4K3/8/p2k4/8 b - - 1 60,18,NULL,#-9,a2a1q,b6b5,1.611
5r2/4n3/1R5P/1p6/3k2NR/P2B4/1KP5/8 b - - 2 48,18,+1373,NULL,f8c8,f8a8,0.890
6k1/8/6p1/R2P3p/4qP2/6P1/5P1P/6K1 b - - 0 39,18,-8182,NULL,e4e1,e4b1,7.926
2r2rk1/1p2q1pp/p1n1p1n1/3pP1N1/8/P2Q2B1/1P3PPP/4RRK1 w - - 5 23,18,-34,NULL,f2f4,g5f3,6.415
7r/7p/kpp5/p6P/2PP2R1/1K6/1P2r3/8 b - - 0 39,18,-678,NULL,h8f8,h8e8,3.656
8/5r1k/8/2R3K1/8/8/8/8 w - - 1 51,18,0,NULL,c5f5,c5b5,0.477
8/p1rp4/1p4Rp/2p1r2P/4kR2/6P1/PPP5/2K5 b - - 3 34,18,+229,NULL,e4e3,e4d5,0.985
8/2k5/ppbp4/3p4/3P1K2/2P5/2P4P/8 b - - 1 50,18,NULL,#-28,a6a5,c6a4,22.461
1nbqk1nr/8/r1pppp1b/pp6/1P1PP1p1/P1N5/2PBBPPN/R2QR1K1 w k - 2 15,18,+165,NULL,e2g4,d2h6,4.911
4rrk1/ppb2ppp/2p2n2/8/3B4/1P2RQ1N/P1PP1PPq/R4K2 w - - 4 20,18,+216,NULL,d4f6,a1e1,3.272
r1bq1rk1/ppp1npp1/2np3p/2b1P3/2Bp1B2/5N2/PPP2PPP/RN1QR1K1 w - - 0 9,18,-104,NULL,e5d6,b1d2,6.200
5r2/pp1b1k2/1q2p2p/3pP1p1/3Qnp2/N1P5/PP2PPPP/R3KB1R b KQ - 2 16,18,0,NULL,b6b2,e4c5,1.334
2b2rk1/R1N3pn/1Q1p4/3Pp1q1/1P2p3/7P/2P2PPN/6K1 b - - 0 26,18,-1526,NULL,c8h3,g5c1,12.550
2k5/p1p5/1p3q2/3p2p1/1P1Np1P1/2P5/P1KN1R2/8 b - - 0 27,18,-765,NULL,f6f2,f6e7,1.691
rnb1k1nr/pp6/2pp3b/4p3/2B1P2p/P1NPB2N/1PPQ2q1/2KR3R b kq - 5 18,18,+3,NULL,g2d2,c8h3,5.276
r3k1nr/ppp3p1/2np4/4pp1p/4P1bq/P1PP1P2/2P1K2P/R1BQ1BR1 b kq - 1 11,18,-506,NULL,f5f4,g8f6,7.312
4r3/5R2/6p1/P5k1/8/1P6/1KP2p2/8 b - - 1 38,18,+600,NULL,e8e5,g5h4,34.626
r1b2rk1/pp1p1ppp/4pn2/2b3q1/N7/2B5/P1P1BPPP/1R1Q1RK1 w - - 6 15,18,+288,NULL,h2h4,c3f6,4.296
2br1rk1/7p/p1ppp1pn/1p6/3PNPP1/3B4/PPP2R2/1K2R3 w - - 0 28,18,-44,NULL,g4g5,d3e2,5.896
r1bq1rk1/p4ppp/2p2n2/2b1p3/8/2N2N2/PPPP1PPP/R1BQ1RK1 w - - 0 9,18,+115,NULL,f3e5,d2d3,4.816
r2qr1k1/pb1n2pp/1p6/3pNp2/3Pn3/B2BQ3/P1P2PPP/R4RK1 w - - 2 16,18,+146,NULL,f2f3,a1e1,4.524
2R5/5kp1/4p2p/pK1p2pP/1p3r2/1P6/r7/2R5 b - - 1 41,18,-578,NULL,d5d4,a2a3,11.625
r3k2r/ppp1nppp/2n1b3/2q1p3/8/1P1P1N1P/P1P1BPP1/R1BQR1K1 b kq - 0 12,18,+56,NULL,e8g8,a8d8,5.218
r1b2r1k/pp2Nppp/2p5/3p4/8/3BBP2/P1P2P1P/R3K2R w KQ - 0 18,18,+622,NULL,e1c1,e7c8,4.792
r2q1rk1/1p1bbppp/p1nppn2/1Bp5/4P3/P1NPBN2/1PP2PPP/R2Q1RK1 w - - 0 10,18,-43,NULL,b5c4,b5c6,2.072
4r1k1/5p1p/p5p1/5b2/3R1PB1/2B1r1P1/PP3K1P/3R4 b - - 0 25,18,+22,NULL,f5g4,e3c3,3.144
5rk1/5p1p/6p1/3Q4/3PP3/q4K1P/5PP1/8 w - - 5 35,18,-502,NULL,f3f4,f3g4,3.264
8/8/4k3/p1p3b1/P1P1PpP1/1P6/5K2/1b1B4 b - - 0 44,18,-6013,NULL,e6d6,e6e5,7.047
B7/1R2bk1p/4p1p1/1P2r3/3p4/1RnP2P1/2P2P1P/6K1 b - - 4 35,18,+642,NULL,e5e1,c3d5,34.902
r2qk2r/ppp2p2/2pb1n1p/4p1p1/4P3/3P1bB1/PPPN1PPP/R2Q1RK1 w kq - 0 11,18,+96,NULL,d1f3,d2f3,4.652
rn2kbnr/ppp1pppp/8/3b4/8/5P2/PPPP2PP/RNB1KBNR b KQkq - 0 5,18,-27,NULL,b8c6,d5e6,4.031
8/8/8/p3p3/K1kp1p1p/P4P1P/3b2P1/2N5 w - - 1 40,18,-1716,NULL,c1d3,c1b3,2.573
rn1q1rk1/1b2bppp/3p3B/3Pp3/1p4R1/2NQ2P1/5PBP/4R1K1 b - - 1 22,18,+110,NULL,g7g6,f7f5,4.715
3r4/Nkp5/1p6/5pp1/3np2p/1P6/R4PPP/7K w - - 0 33,18,-697,NULL,h2h3,b3b4,11.036
rnq2rk1/pb1pnpbp/1p1Pp1p1/6B1/8/2N2N2/PPP2PPP/R2QKB1R w KQ - 1 10,18,+355,NULL,d6e7,g5e7,7.720
q5k1/5pp1/2r2n1p/8/1Q1P4/2N1PN1P/3K1PP1/r1B4R w - - 0 26,18,-180,NULL,b4b3,d2e2,9.352
3k4/1R6/p1pB4/6b1/PPP5/4p3/6P1/5K2 b - - 0 44,18,+1134,NULL,d8e8,g5h4,2.566
5r1k/p1p3pp/6r1/4Rpq1/1PBp4/P2P1Q2/2P2PPP/4R1K1 w - - 11 24,18,+1214,NULL,f3a8,e5e8,12.824
3r2k1/r4p2/5p2/2Pb1N2/1P3P2/6Pp/P1RR1K1P/8 b - - 4 40,18,+693,NULL,d8d7,g8h7,28.179
8/8/p1P5/5P2/1k6/8/4K3/8 b - - 0 43,18,NULL,#+11,a6a5,b4b3,0.084
r3k3/pp3pp1/2p1p1p1/8/1P2P3/2PK4/P4q1r/R2QR3 b q - 1 22,18,NULL,#-3,a8d8,e8c8,2.022
r5r1/p3Rp1k/1p4bp/2pR4/3p1P2/P7/1P5K/8 b - - 0 29,18,-775,NULL,a8d8,g8d8,6.722
8/7p/6pk/8/PP2Q2P/8/8/1K3q2 w - - 1 41,18,+301,NULL,b1b2,b1a2,4.102
3r2k1/pp3pp1/2p4p/8/1Pb1n3/P3K1P1/6PP/3q4 b - - 3 28,18,NULL,#-2,d1g4,d1e2,0.024
rnb1kb1r/ppqpnppp/4p3/2p1P3/3P4/1BP2N2/PP1B1PPP/RN1QK2R b KQkq - 6 8,18,+128,NULL,b8c6,b7b5,6.183
r6r/3p4/b1pP1k1p/p1p2p2/P1P5/5N2/1P1K1P2/4R1R1 w - - 2 31,18,NULL,#+3,f3e5,b2b3,6.443
r2qkb1r/pp1n1ppp/4p3/2Pp4/1P2n3/4PN2/P1P2PPP/RNBQ1RK1 b kq - 3 8,18,+87,NULL,a7a5,b7b6,4.723
2r5/2P2R2/8/1p2k2p/PP5P/1K6/8/8 w - - 1 46,18,+1514,NULL,a4b5,f7h7,32.605
r1bqkbnr/pppp1ppp/2n5/8/2PPp3/8/PP2PPPP/RNBQKBNR b KQkq - 1 4,18,-14,NULL,d7d5,g8f6,2.935
8/8/1pK5/p1p5/P1P4k/2P4P/8/4q3 b - - 1 48,18,NULL,#-11,e1c3,e1e2,0.148
3r2k1/pqp2pb1/4p1pp/4P3/P1N5/8/4QPPP/3R2K1 b - - 0 24,18,-393,NULL,d8d1,d8d5,6.231
8/7p/4p3/3k4/1R1Pb3/P7/6PP/6K1 w - - 3 34,18,+669,NULL,a3a4,h2h4,3.558
r3qrk1/6pp/2pB4/1pQp4/p3b1B1/2P1P2P/PP4P1/R5K1 b - - 3 29,18,-390,NULL,e8f7,f8f6,9.025
8/1R4k1/3r2p1/p3Np2/P2b4/5P1P/5PK1/5R2 b - - 4 34,18,+772,NULL,g7f6,g7g8,5.435
8/6kp/p1N3p1/1p1p2p1/6b1/2bBp1P1/P7/5K2 b - - 1 40,18,-836,NULL,g7f6,h7h5,41.934
r1b1k1nr/pp1p1p1p/1q2p1p1/2b1P3/5Q2/2P5/PP1B1PPP/RN2KB1R b KQkq - 3 10,18,-271,NULL,b6b2,g6g5,2.230
2r3k1/2r1qp2/p3pNp1/1p1p2P1/3P4/1PP1R1Q1/P4P2/7K b - - 1 39,18,+288,NULL,g8f8,g8g7,5.664
r2q1rk1/pp2bppp/2n1pB2/3p3b/3P4/2PB1N1P/PP1N1PP1/R2Q1RK1 b - - 0 11,18,-59,NULL,g7f6,e7f6,5.759
rnbq1rk1/ppppb1pp/5n2/4ppB1/2P5/2NP4/PP1QPPPP/2KR1BNR b - - 7 6,18,-73,NULL,d7d6,c7c6,4.516
1r3rk1/p3qppp/4p3/3p4/N3n3/1P6/P3QPPP/R4RK1 w - - 0 18,18,-217,NULL,f1c1,a1c1,4.515
8/8/1p6/p3kB1P/6P1/1P3pr1/P7/4K3 b - - 1 43,18,-1144,NULL,e5f4,g3g2,13.772
4r1k1/pp2npp1/3p2rp/2p5/2PnP1PK/P2PN3/2PN1R2/8 w - - 1 33,18,-556,NULL,d2f1,d2b1,2.234
r2q1rk1/p5pp/1p1p2n1/2pP2b1/3pP3/1P1Q1P1P/P3N1P1/R3KB1R w KQ - 0 17,18,-456,NULL,f3f4,h3h4,19.147
8/p7/1p1k4/5P2/7B/7P/b4P2/6K1 b - - 0 46,18,-1,NULL,d6e5,a2b1,0.941
r3k2r/1p2q1pp/2p1pn2/b1PpNb2/1B1P4/PQ2P2P/3K1PB1/R6R b kq - 4 21,18,-212,NULL,a5c7,a5d8,4.261
1r3k2/r5p1/p1p2p1p/1p1pnP2/P6K/1B5P/1PP2RP1/5R2 w - - 7 37,18,-244,NULL,f1a1,a4b5,4.420
8/p1p2k2/2p2b2/1p3R2/5P1N/1P3P2/P6P/6K1 w - - 0 39,18,+719,NULL,g1f1,f5h5,10.300
3rr1k1/pp4q1/5p2/2P3p1/1P1P1p1p/P6P/5PP1/2QRK2R w K - 1 29,18,+40,NULL,e1f1,e1d2,2.864
2kr1b1r/ppp1pppp/8/4P3/1B3P2/P1N2K2/1P4PP/n4B1R w - - 2 18,18,-225,NULL,f1c4,c3e4,8.249
6k1/p4p1p/6p1/8/P7/1P2P1P1/1r2qP1P/R3R1K1 b - - 4 33,18,NULL,#-2,e2f2,e2f3,4.184
rn3rk1/1b3pbp/pq1ppnp1/6B1/2p1P3/P1NP1PP1/2P1N1BP/R2Q1R1K w - - 0 15,18,+87,NULL,d3d4,a1b1,4.377
r1bqkbnr/pp4pp/2n1pP2/2pp4/3P4/2P2N2/PP3PPP/RNBQKB1R b KQkq - 0 6,20,-25,NULL,g8f6,g7f6,7.662
rn1qk1nr/pbp1bppp/1p1pp3/8/3PP3/2N1BN2/PPP1BPPP/R2QK2R b KQkq - 3 6,20,+29,NULL,g8f6,b8d7,8.547
2kr1b1r/ppnnp1p1/2p3bp/8/2PP1q2/1PB2P1B/P2N4/R3K1NR b KQ - 1 22,20,-894,NULL,f4e3,e7e6,22.651
r1bq1rk1/pp1p1ppp/1b3n2/n1pP4/4P3/P2B1N2/1P3PPP/RNBQ1RK1 b - - 0 10,20,+95,NULL,c5c4,f6g4,9.428
r1b1kbnr/pp3ppp/2n1p3/2p1P3/3p1P2/3P1N2/PqPN1BPP/R2QKB1R b KQkq - 1 8,20,-197,NULL,c6b4,g8e7,10.578
8/pp4pp/b3N1k1/8/7P/2P5/PP2qK2/8 w - - 2 39,20,NULL,#-10,f2g3,f2g1,0.049
r6k/1pp3p1/1b4p1/p2Qp3/P3P2q/5P1P/1PP2P1K/R4R2 w - - 0 26,20,+390,NULL,d5e5,d5e6,23.585
3n4/p2pk1p1/5pB1/1qpQp3/1r6/4PN2/2P1KPPP/3R4 w - - 6 26,20,+741,NULL,e2e1,d1d3,61.046
r2qkbnr/ppp1pppp/8/3p1b2/1n6/3PP3/PPP1NPPP/RNBQKB1R b KQkq - 0 5,20,-53,NULL,c7c5,b4c6,5.998
r1b2rk1/pp3pp1/2p1p2q/3n2Nn/2BP3P/2N3Q1/PPP5/1K3R1R w - - 11 22,20,+216,NULL,g3d6,g3e1,11.111
r1bqk1nr/pp2bppp/2n1p3/2p5/3pPP2/3P1B2/PPP1N1PP/RNBQ1RK1 b kq - 3 7,20,+36,NULL,e6e5,g8f6,7.808
2kr1r2/pp2R3/3q4/3P3p/8/2N2P2/PPP3PK/R2Q4 w - - 1 21,20,+117,NULL,h2g1,h2h1,9.378
r1b2rk1/1p3ppp/8/6q1/1PB2n2/1Q2B2P/P4PP1/3R1RK1 w - - 3 23,20,+366,NULL,c4f7,e3f4,22.443
4r1k1/7p/2p2qb1/p1p1ppR1/2Pp1P2/1P1P2Q1/P5P1/4R1K1 b - - 1 35,20,+77,NULL,e5e4,e8e6,3.674
rnb1k2r/ppppqppp/8/8/1b2nB2/2NP1N2/PPP3PP/R2QKB1R w KQkq - 0 7,20,+377,NULL,d3e4,d1e2,13.268
5k2/5pp1/K6p/8/4PN2/5P2/6PP/4n3 w - - 1 39,20,0,NULL,a6b5,a6b6,0.751
r7/B1R1k1pp/3p1p1n/4p3/1P6/5P2/P4P1P/6K1 b - - 2 22,20,NULL,NULL,NULL,NULL,200.003
rnb1kbnr/1p1p1q1p/2pB1p2/p1P3p1/3QP3/P1N2N2/1P3PPP/R3KB1R b KQkq - 0 10,20,+453,NULL,b7b5,f8d6,19.040
r2qk2r/1b1pbppp/2n1pn2/8/1p6/1N2PN2/PP1BBPPP/R2Q1RK1 w kq - 4 12,20,-11,NULL,d1c2,d1b1,7.524
r2qr1k1/1p3p1p/p1p2n2/5B2/5B2/8/P1P4P/1R3RK1 b - - 2 30,20,-920,NULL,d8d4,f6h5,94.750
8/2n4p/1p2P1p1/1r3n2/p2P2Pk/P4N1P/4NP2/2R3K1 b - - 1 35,20,+1127,NULL,h4h3,NULL,49.644
r2qk2r/p4ppp/2p1bn2/b2p4/N7/4B1PP/PP2PPB1/R2Q1RK1 b kq - 6 13,20,+67,NULL,e8g8,d8c8,12.212
4r2r/pbk1q2p/1ppp1pp1/8/3PPbQ1/2N5/PPP2PPP/R4RK1 w - - 0 16,20,+182,NULL,g4f4,a1d1,18.579
8/8/8/4K3/8/4q3/4k3/8 w - - 12 83,20,NULL,#-11,e5d6,e5d5,0.087
r4rk1/pp1bqppp/2n2n2/4p3/3p4/6N1/P1PN1PPP/R2Q1RK1 w - - 6 15,20,-573,NULL,a1b1,f1e1,12.226
rr4k1/5pp1/2nq1n1p/p3p2P/3pP2R/5B2/PpP1QPPB/1K1R4 w - - 2 24,20,NULL,NULL,NULL,NULL,200.004
r2q1r2/pbpp1pkp/1pn1p1p1/8/3PP1n1/2PB1N2/PP3PPP/RNQ2RK1 w - - 0 11,20,+66,NULL,h2h3,b2b4,10.597
6k1/qp4p1/4Qp2/5B1p/4P3/5P1P/6PK/5b2 b - - 13 43,20,NULL,NULL,NULL,NULL,200.001
8/8/4k3/6R1/7R/4P3/1P3PPP/6K1 b - - 14 49,20,NULL,#+6,e6f6,e6e7,0.042
N1b3nr/p2k1ppp/1p1p4/1p6/5B2/2N5/PPP2PPP/R3K2R w KQ - 0 15,20,+915,NULL,e1c1,c3b5,14.387
r2q1rk1/4n1bp/ppn1Ppp1/8/8/2NBB3/PPP2PPP/R2Q1RK1 w - - 0 14,20,+399,NULL,d3c4,c3a4,14.146
8/8/4k1p1/1p2ppP1/1Pp1p2P/P1P5/4BK2/8 w - - 1 37,20,NULL,#+31,f2g2,f2e3,13.390
8/6pp/p7/4Pk2/5P1P/P1r2K2/8/8 w - - 1 48,20,NULL,#-21,f3e2,f3f2,0.598
2b2rk1/R1q1nppp/4p3/1p6/2pP4/B1P1P3/5PPP/4KBNR w K - 0 20,20,+721,NULL,a7c7,a3c5,10.209
1r2k1nr/1b2q1bp/pQn3p1/2pp4/8/2P5/PP1NBP1P/R1BK1R2 w k - 2 18,20,-424,NULL,f1e1,d2b3,72.336
r2qk1nr/ppp2p2/2nb3p/5p2/2pP2p1/P5P1/1P1NPPBP/R1BQ1RK1 w kq - 0 11,20,+283,NULL,d2c4,f1e1,21.260
3r2k1/1p3pp1/p2p3p/8/2q5/1R1R4/P1P4P/1K6 b - - 5 29,20,-793,NULL,d8c8,d8e8,19.334
r3rb1k/ppp2p2/3p4/n3pNQ1/4P3/2qP2PP/P2N2P1/R3R1K1 w - - 0 26,20,+1258,NULL,d2f3,g5f6,40.133
8/1q3PK1/8/2kp4/8/5Q2/8/8 w - - 3 65,20,NULL,#+15,g7g8,f3c3,11.439
r2qk2r/pp3pbp/2p2np1/1B1Ppb2/8/2P5/PP1P1PPP/nNBK1QNR w kq - 0 12,20,-567,NULL,d5c6,b5d3,19.656
2kr1bnr/p3q1pp/1p1pnp2/2P1p3/7P/B1PP2P1/P3PPbR/RN1QK1N1 b Q - 1 15,20,-351,NULL,g2c6,g2a8,14.703
2kr3r/1pp3pp/p3pp2/2q2n2/1n3P2/1P2PN2/P3Q1PP/R1B2RK1 w - - 0 17,20,-204,NULL,c1a3,g2g4,11.886
r1b1k2r/1p2bppp/1qn1p3/p1p2n2/4N1B1/2PP3P/PP3PPN/R1BQ1RK1 b kq - 1 11,20,-71,NULL,a5a4,b6c7,9.920
r2q1rk1/1b2bp1p/p3p1p1/p2pP3/3B1P2/2NQ2P1/1PP4P/2KRR3 w - - 0 20,20,+13,NULL,g3g4,d3e3,11.666
4k1nr/ppp2ppp/4p3/4N3/8/4P2P/2q3P1/5rK1 w k - 0 28,20,-5791,NULL,g1f1,g1h2,0.589
r4rk1/1p1bq1pp/p3p3/3p1p2/3Nn3/P1PBPQ1P/1P3PP1/R3K2R b KQ - 1 15,20,-229,NULL,e6e5,a8d8,20.361
4k3/1K3pp1/4q2p/8/8/8/8/4n3 b - - 17 52,20,NULL,#-4,e1d3,f7f5,0.040
rnbqkbnr/pp3pp1/2pp3p/4p3/4P3/5N2/PPPPBPPP/RNBQ1RK1 b kq - 1 5,20,+24,NULL,g8f6,f8e7,5.710
4k3/1p6/5K2/6P1/pr6/8/8/8 b - - 1 53,20,NULL,#-7,a4a3,b4b1,0.350
rnbqkbnr/1p1p1ppp/p1p1p3/8/5B2/3P2P1/PPP1PPBP/RN1QK1NR b KQkq - 1 4,20,+32,NULL,g8f6,d7d6,6.423
8/2k5/7R/8/1Br3Pp/P4B1P/7K/8 b - g3 0 47,20,+7440,NULL,c4d4,c7d7,13.873
r6r/p2bkp2/Q1pp2q1/6np/2P1P1p1/4P1R1/PP1NB1PP/5RK1 w - - 0 22,20,+153,NULL,c4c5,e4e5,9.786
r2qr1k1/1b1nppbp/6p1/3pP3/2p2P2/P1B1P2P/2P1N1P1/R2Q1RK1 b - - 1 19,20,-323,NULL,d7c5,d5d4,22.781
rnbq1knr/pppp2pp/8/2b1Q3/4P3/8/PPPP1PPP/RNB1K1NR b KQ - 0 5,20,-235,NULL,d7d5,d7d6,12.889
r1q1k2r/p2nbpQp/2p2p2/1p2p3/4P3/2NB4/PPP2PPP/R2R2K1 b kq - 3 14,20,+273,NULL,h8f8,e7c5,8.144
2kr3r/pp1qbppp/8/2pP4/2P1RP2/8/PP4PP/R1BQ2K1 b - - 0 16,20,+68,NULL,d8e8,h8e8,8.885
rnbqk1nr/ppp2pb1/4p1pp/3pP3/3P4/2N2N2/PPP2PPP/R1BQKB1R w KQkq - 0 6,20,+132,NULL,b2b4,f1d3,14.183
2r1kb1r/5ppp/b1n2n2/4pPB1/Pp1pP3/1P4Q1/4NKPP/qNR5 w k - 2 19,20,-806,NULL,g5f6,b1d2,61.101
1nr3k1/q4ppp/3np3/3p4/2p5/4PPP1/2Q1N1KP/7R w - - 2 27,20,-678,NULL,c2c3,c2d2,46.966
8/4kp2/P1K4p/8/6P1/7P/1r4P1/R7 b - - 0 39,20,+7950,NULL,e7f6,b2c2,27.599
8/p5b1/1pq1N1k1/2p1np2/P7/1B2P3/1BKN4/R7 w - - 3 38,20,+557,NULL,b3d5,a1g1,16.685
r4rk1/1p2nppp/p3bn2/3p4/P1p5/2N1PN1P/1P2BPP1/R1BR2K1 b - - 1 16,20,+422,NULL,a8d8,e7c6,24.246
5rk1/3b2pp/pr3P2/1ppR4/4N1Pq/2P2Q1P/PP3P2/5RK1 b - - 0 25,20,+524,NULL,d7e8,b6f6,52.907
7k/6p1/pp1p3p/2p2q2/2P4P/1P4PK/P2Q4/8 w - - 3 38,20,-19,NULL,h3h2,h3g2,2.419
q2k3r/8/pR2R3/3Bp3/4P3/P2P3P/1PP5/1K6 b - - 14 49,20,+1020,NULL,a8a7,d8c7,23.352
3r2k1/pB2R2p/3P1Pp1/1p6/8/8/r5PP/3R2K1 w - - 0 27,20,NULL,#+8,b7d5,d6d7,1.507
2K5/2RPk3/7p/1p4p1/p1r5/5P2/5P2/8 b - - 5 46,20,+8115,NULL,c4c7,e7e6,2.111
3rk2r/ppp2ppp/2n5/8/1bP1n1b1/P1N1BN2/1P3PPP/R2BR1K1 b k - 0 15,20,+26,NULL,b4c3,e4c3,7.177
r3r2k/1p6/pb1pbnp1/4qp2/1P2p2P/PB6/5PP1/R2Q1RK1 w - - 4 23,20,NULL,NULL,NULL,NULL,200.004
rn1qk2r/ppp2ppp/8/3p4/3P1P2/2PB1Q2/P1Pn2PP/R3K2R w KQkq - 0 11,20,+53,NULL,e1d2,d3b5,14.364
6k1/1p3p2/2p2KPP/p1P5/2n5/8/8/8 b - - 0 43,20,NULL,#-16,f7g6,c4e5,4.668
8/r4pk1/3K2p1/7r/1R6/8/8/8 w - - 0 48,20,-1565,NULL,b4c4,b4b6,44.004
4q1k1/p1p1r2r/3p3p/1P1P2p1/6Q1/N2p4/PP2N1PP/2R1K2R b K - 1 28,20,NULL,NULL,NULL,NULL,200.004
8/8/8/8/6kp/3R4/8/r5K1 w - - 4 58,20,-6,NULL,g1f2,g1g2,0.941
3R2r1/4k1p1/5rP1/pp2pP2/1qp5/5K2/2B4Q/8 w - - 2 44,20,+653,NULL,d8g8,h2e5,82.059
rnbq1rk1/6b1/p1p3pp/1pPp1p2/PP1P1P2/3BB3/2Q1N1PP/3R1R1K b - - 0 18,20,+56,NULL,d8e8,b8d7,8.532
rn1qk2r/pp5p/2ppBnpQ/4p3/4P3/3P1N1P/PPP2PP1/R3K2R b KQkq - 2 12,20,+165,NULL,d8e7,h8f8,14.904
8/6pk/7p/3p1p2/3P1P2/p5P1/6K1/1r3N1R w - - 0 38,20,-788,NULL,f1d2,f1e3,70.446
7k/6p1/7p/7K/4r2P/6B1/3n2q1/8 b - - 3 48,20,NULL,#-2,h8h7,g2f3,0.023
r1bqr1k1/pppp1p2/5n1Q/2P1p3/4P3/2PP1N2/P4PPP/R3K2R b KQ - 0 12,20,-266,NULL,f6h7,f6g4,21.819
r4rk1/pppqbpp1/2n2n1p/3p4/3P3B/5B2/PPPN1PPP/R2QR1K1 w - - 4 12,20,+35,NULL,c2c3,d2f1,7.954
r1b1kb1r/pppp1pp1/5q1p/1B1Pp3/3N4/8/PPPP1PPP/R1BQ1RK1 b kq - 0 8,20,+61,NULL,e5d4,a7a6,11.408
8/p2Rq1r1/kpp4Q/8/5P2/2P2K2/2P3PP/3R4 b - - 6 33,20,+1945,NULL,e7d7,e7c5,59.568
r3kb1r/ppq2ppb/2p1p2p/3nP2P/3P2PN/2N5/PP1BQP2/2R2RK1 b kq - 2 18,20,-64,NULL,c7d7,a8d8,11.628
6k1/5pp1/p3r2p/1p3N2/1P6/P4Q1P/3q1PP1/5RK1 w - - 3 31,20,+503,NULL,f1d1,g2g4,17.152
2kr1bnr/p1pp1q2/1p2p3/6p1/Q4Pp1/1PPPPbPP/P3K3/1R6 w - - 1 20,20,-1069,NULL,e2d2,e2e1,48.967
r1bqk1nr/p1pp1pbp/1p2p1p1/8/3P4/2NPPQ1N/PP3PPP/R1B1K2R w KQkq - 0 8,20,+423,NULL,f3a8,h3g5,12.662
5r1k/pp2q2p/6p1/1PpQp3/P3B3/6P1/5P1P/3R2K1 b - - 0 27,20,+566,NULL,b7b6,f8f7,15.881
7k/p6P/8/3q4/5KP1/8/8/5q2 w - - 6 63,20,NULL,#-2,f4g3,f4e3,0.010
4r1k1/Q3bnp1/1p1p3p/1q1Pp3/4B2P/3PN1P1/5P2/2R3K1 b - - 0 29,20,+633,NULL,e7d8,e7f6,67.977
r3kb1r/ppp1pppp/8/q2N4/3P4/5P2/PPnBQPBP/R3K2R w KQkq - 1 12,20,+351,NULL,e1d1,e1f1,26.363
8/5pp1/5k1p/5P2/4K1P1/8/7P/8 b - - 0 39,20,-933,NULL,f6g5,h6h5,102.912
rn1k1r2/ppp1qb1p/3p4/3P4/2B2Q2/2P1B3/P1P3PP/2K4R w - - 1 19,20,-381,NULL,f4h6,h2h4,41.911
8/K4P2/5Q2/6Q1/8/8/7k/8 w - - 5 76,20,NULL,#+1,f6h8,f6h6,0.020
2k1r2r/pp1n4/1b3np1/1N2pp1p/1P6/6N1/P1PB1PPP/R3R1K1 w - - 1 19,20,+198,NULL,b5d6,c2c4,7.303
1r1q1k1r/p3bp1p/1p1p2p1/3N4/2P5/B2Q1P2/5PPP/1R2R1K1 b - - 2 18,20,NULL,NULL,NULL,NULL,200.003
3r1rk1/2q2p1p/ppB3p1/1P3bQ1/P1P5/5P2/2p3PP/R3R1K1 w - - 0 24,20,-156,NULL,g5e3,g5g3,11.053
r2qkbnr/pp3ppp/n2p4/2pP4/8/2N2b1P/PPP2PP1/R1BQKB1R w KQkq - 0 8,20,+518,NULL,f1b5,d1f3,93.522
r4rk1/2pb1pp1/p2p1qnp/4p3/2P1P3/3P1N1P/PB3PP1/R2QR1K1 w - - 1 17,20,-21,NULL,d3d4,b2c1,11.568
r3k2r/p1ppn1pp/1p6/2b1QB1q/1nP4P/4P1P1/PP1P1P2/R1B1K1NR w KQkq - 1 14,20,+634,NULL,f5d7,e5e4,19.285
8/pp5p/2p1rkp1/2n2p2/3Rn3/P4B2/2P3K1/8 b - - 5 46,20,-909,NULL,f6e5,e6d6,13.937
rnbqr1k1/pp2bpp1/2pp1nNp/8/2B1P3/P1NP1Q2/1PP2PPP/R1B1K2R b KQ - 1 9,20,-85,NULL,d6d5,c8g4,4.347
1nk2b1r/5ppp/3p2q1/3N4/2B1n3/4P1B1/3P1PPP/N1R3K1 b - - 9 22,20,-135,NULL,c8d8,e4g3,10.068
r2q1rk1/pp2bppp/1np1p3/3pPn2/3P4/2PQ1N1P/PP3PP1/R1B1RNK1 w - - 3 14,20,+70,NULL,e1e2,a2a4,6.248
7B/1R2P3/4k3/8/4P2p/3K2P1/8/8 b - - 0 52,20,NULL,#+7,e6f7,e6d6,0.023
8/1p2r3/ppk5/8/3R2P1/2P5/8/6K1 b - - 0 55,20,-593,NULL,c6c5,a6a5,87.893
1n1qkbnr/Rb2pppp/8/1p6/2pP4/4P3/1P3PPP/2BQKBNR b Kk - 2 9,20,+184,NULL,d8b6,d8c8,11.828
rn2k3/pp5p/2p5/5p2/3rpN2/5b2/PPK2P1P/RN2R3 b q - 1 21,20,-440,NULL,b8a6,b8d7,10.827
r1b2r2/pp3k1p/4p1P1/2ppnp1P/8/2PB4/PPP2P2/2KR3R b - - 0 19,20,-429,NULL,f7f6,h7g6,13.453
r4bnr/ppp2kpp/2n1b3/3p4/3Pq3/1QP1B3/PP3PPP/RN3RK1 w - - 2 11,20,-390,NULL,b3b7,b1d2,15.557
7r/2rkn3/3p3q/3pb3/3pPpRp/1Q1P1P1P/PP1BK3/R6B b - - 3 26,20,+56,NULL,h6f8,h8c8,14.851
r2q1rk1/3bbppp/p1pp1n2/4p1B1/4P3/3B2N1/PPP2PPP/R2Q1RK1 b - - 3 13,20,-2,NULL,a6a5,h7h6,6.846
1r1nr3/pp4k1/2p1pnpp/5p2/2Pq4/P2B1QNP/1P2RPP1/4R1K1 w - - 0 23,20,+234,NULL,d3f5,g3f5,7.405
2r5/1b2kp2/3bPnp1/7p/2B2P2/1PNR3P/4N1P1/7K b - - 0 28,20,+40,NULL,f6e4,f7e6,14.738
rnb1k2r/ppq2pp1/2pb1n2/4p2p/2BPP3/2N2N1P/PP3PP1/R1BQ1RK1 w kq - 0 10,20,+430,NULL,f3g5,d4e5,68.005
r5r1/ppp2k1p/3bbp2/2PQp3/8/8/P2P1PPP/R1B1R1K1 w - - 3 20,20,+653,NULL,d5f3,d5b7,28.432
2kr4/pp4p1/4p3/4p3/2P5/3pNq2/P4P1P/1R1R3K w - - 2 29,20,-601,NULL,h1g1,e3g2,29.440
r3q1k1/pp1nrp1p/6p1/2p3P1/2PB3P/3BP1R1/P2P1P2/6RK b - - 1 29,20,-672,NULL,c5d4,d7e5,10.030
rn3rk1/pp1b1ppp/2q1p1n1/3pP1b1/1P1P4/P1NB1N2/3Q1PPP/R4RK1 w - - 0 16,20,+122,NULL,f3g5,d2g5,11.845
r4rk1/1p1nbppp/1pp5/3pP2b/8/3P1N1P/PP1N1PP1/R1B1R1K1 w - - 1 15,20,-121,NULL,d3d4,g2g4,7.445
r1bqkb1r/pp1p3p/2n1pp2/2pn2NQ/2B5/3P4/PPP2PPP/RNB1K2R b KQkq - 1 8,20,+392,NULL,e8e7,NULL,3.607
2r2rk1/1p3p1p/4pp1n/NP6/P7/4P3/4QPPP/R1q3K1 w - - 0 24,20,-438,NULL,e2e1,e2d1,12.011
6k1/6p1/3Npb1p/8/2p5/4P1P1/1r3PKP/2R5 b - - 3 28,20,+29,NULL,c4c3,b2b6,2.614
3r2k1/5pbp/1r4p1/2p1P3/p3NP2/P6P/1P4P1/1R3RK1 w - - 0 24,20,+227,NULL,e4c5,e4c3,4.130
rnb1k1nr/p4pp1/2pp1q1p/Q3p3/4P3/1B1PBN2/1pP2PPP/1NKR3R w kq - 0 13,20,+482,NULL,c1b2,c1d2,8.208
rn4nr/ppp1kp1p/4b1p1/4N3/4PB2/2PB4/2P3PP/1R3RK1 b - - 3 14,20,+258,NULL,b7b6,g6g5,28.500
8/3N1p1p/3k4/pB1R4/2P4b/1KP5/1P5r/8 b - - 7 45,20,+673,NULL,d6c7,d6e7,63.059
2r2rk1/8/2b1pPp1/1p1pP1Np/pp1B1N2/8/P1P1K3/8 w - - 0 32,20,-102,NULL,f4e6,d4c5,33.230
r2q1rk1/pp3pp1/1np3bp/2b1p3/4P3/2NP1PQN/PPP3PP/R1B1K2R w KQ - 0 15,20,+119,NULL,h3f2,c1d2,14.159
8/8/1p6/8/4K3/8/p2k4/8 b - - 1 60,20,NULL,#-9,a2a1q,d2c3,1.695
5r2/4n3/1R5P/1p6/3k2NR/P2B4/1KP5/8 b - - 2 48,20,NULL,#+15,d4c5,f8c8,0.817
6k1/8/6p1/R2P3p/4qP2/6P1/5P1P/6K1 b - - 0 39,20,-8183,NULL,e4e1,e4b1,4.733
2r2rk1/1p2q1pp/p1n1p1n1/3pP1N1/8/P2Q2B1/1P3PPP/4RRK1 w - - 5 23,20,-39,NULL,f2f4,g5f3,9.297
7r/7p/kpp5/p6P/2PP2R1/1K6/1P2r3/8 b - - 0 39,20,-774,NULL,e2e3,h8c8,28.977
8/5r1k/8/2R3K1/8/8/8/8 w - - 1 51,20,0,NULL,c5f5,c5b5,0.928
8/p1rp4/1p4Rp/2p1r2P/4kR2/6P1/PPP5/2K5 b - - 3 34,20,+154,NULL,e4e3,e4d5,1.831
8/2k5/ppbp4/3p4/3P1K2/2P5/2P4P/8 b - - 1 50,20,-8115,NULL,c6b5,c6a4,29.868
1nbqk1nr/8/r1pppp1b/pp6/1P1PP1p1/P1N5/2PBBPPN/R2QR1K1 w k - 2 15,20,+186,NULL,e2g4,d2h6,14.220
4rrk1/ppb2ppp/2p2n2/8/3B4/1P2RQ1N/P1PP1PPq/R4K2 w - - 4 20,20,+233,NULL,d4f6,a1e1,8.969
r1bq1rk1/ppp1npp1/2np3p/2b1P3/2Bp1B2/5N2/PPP2PPP/RN1QR1K1 w - - 0 9,20,-95,NULL,e5d6,f4g3,11.898
5r2/pp1b1k2/1q2p2p/3pP1p1/3Qnp2/N1P5/PP2PPPP/R3KB1R b KQ - 2 16,20,0,NULL,b6b2,e4c5,3.559
2b2rk1/R1N3pn/1Q1p4/3Pp1q1/1P2p3/7P/2P2PPN/6K1 b - - 0 26,20,-1096,NULL,c8h3,g5d8,26.497
2k5/p1p5/1p3q2/3p2p1/1P1Np1P1/2P5/P1KN1R2/8 b - - 0 27,20,-768,NULL,f6f2,f6e7,2.613
rnb1k1nr/pp6/2pp3b/4p3/2B1P2p/P1NPB2N/1PPQ2q1/2KR3R b kq - 5 18,20,+12,NULL,g2d2,c8h3,17.641
r3k1nr/ppp3p1/2np4/4pp1p/4P1bq/P1PP1P2/2P1K2P/R1BQ1BR1 b kq - 1 11,20,-522,NULL,f5f4,g8f6,17.744
4r3/5R2/6p1/P5k1/8/1P6/1KP2p2/8 b - - 1 38,20,+686,NULL,e8e5,g5h6,135.031
r1b2rk1/pp1p1ppp/4pn2/2b3q1/N7/2B5/P1P1BPPP/1R1Q1RK1 w - - 6 15,20,+322,NULL,h2h4,c3f6,8.811
2br1rk1/7p/p1ppp1pn/1p6/3PNPP1/3B4/PPP2R2/1K2R3 w - - 0 28,20,-22,NULL,g4g5,d3e2,12.270
r1bq1rk1/p4ppp/2p2n2/2b1p3/8/2N2N2/PPPP1PPP/R1BQ1RK1 w - - 0 9,20,+119,NULL,f3e5,d2d3,10.563
r2qr1k1/pb1n2pp/1p6/3pNp2/3Pn3/B2BQ3/P1P2PPP/R4RK1 w - - 2 16,20,+155,NULL,f2f3,a1e1,8.605
2R5/5kp1/4p2p/pK1p2pP/1p3r2/1P6/r7/2R5 b - - 1 41,20,-664,NULL,a5a4,g5g4,41.149
r3k2r/ppp1nppp/2n1b3/2q1p3/8/1P1P1N1P/P1P1BPP1/R1BQR1K1 b kq - 0 12,20,+55,NULL,a8d8,e8g8,13.267
r1b2r1k/pp2Nppp/2p5/3p4/8/3BBP2/P1P2P1P/R3K2R w KQ - 0 18,20,+630,NULL,h1g1,e1c1,13.099
r2q1rk1/1p1bbppp/p1nppn2/1Bp5/4P3/P1NPBN2/1PP2PPP/R2Q1RK1 w - - 0 10,20,-36,NULL,b5c4,b5a4,4.587
4r1k1/5p1p/p5p1/5b2/3R1PB1/2B1r1P1/PP3K1P/3R4 b - - 0 25,20,+34,NULL,f5g4,e3c3,11.368
5rk1/5p1p/6p1/3Q4/3PP3/q4K1P/5PP1/8 w - - 5 35,20,-613,NULL,f3f4,f3g4,19.822
8/8/4k3/p1p3b1/P1P1PpP1/1P6/5K2/1b1B4 b - - 0 44,20,NULL,#-17,b1e4,e6e5,37.538
B7/1R2bk1p/4p1p1/1P2r3/3p4/1RnP2P1/2P2P1P/6K1 b - - 4 35,20,+630,NULL,e5e1,c3d1,40.332
r2qk2r/ppp2p2/2pb1n1p/4p1p1/4P3/3P1bB1/PPPN1PPP/R2Q1RK1 w kq - 0 11,20,+109,NULL,d1f3,d2f3,8.475
rn2kbnr/ppp1pppp/8/3b4/8/5P2/PPPP2PP/RNB1KBNR b KQkq - 0 5,20,-21,NULL,b8c6,b7b6,8.368
8/8/8/p3p3/K1kp1p1p/P4P1P/3b2P1/2N5 w - - 1 40,20,-1377,NULL,c1d3,c1b3,4.368
rn1q1rk1/1b2bppp/3p3B/3Pp3/1p4R1/2NQ2P1/5PBP/4R1K1 b - - 1 22,20,+112,NULL,g7g6,f7f5,7.629
3r4/Nkp5/1p6/5pp1/3np2p/1P6/R4PPP/7K w - - 0 33,20,-773,NULL,h2h3,a2a1,20.621
rnq2rk1/pb1pnpbp/1p1Pp1p1/6B1/8/2N2N2/PPP2PPP/R2QKB1R w KQ - 1 10,20,+353,NULL,d6e7,g5e7,17.799
q5k1/5pp1/2r2n1p/8/1Q1P4/2N1PN1P/3K1PP1/r1B4R w - - 0 26,20,-230,NULL,b4b3,d2e2,19.981
3k4/1R6/p1pB4/6b1/PPP5/4p3/6P1/5K2 b - - 0 44,20,NULL,#+19,g5h6,g5h4,2.907
5r1k/p1p3pp/6r1/4Rpq1/1PBp4/P2P1Q2/2P2PPP/4R1K1 w - - 11 24,20,+1425,NULL,f3a8,e5e8,69.020
3r2k1/r4p2/5p2/2Pb1N2/1P3P2/6Pp/P1RR1K1P/8 b - - 4 40,20,NULL,NULL,NULL,NULL,200.003
8/8/p1P5/5P2/1k6/8/4K3/8 b - - 0 43,20,NULL,#+10,a6a5,b4b3,0.090
r3k3/pp3pp1/2p1p1p1/8/1P2P3/2PK4/P4q1r/R2QR3 b q - 1 22,20,NULL,#-3,e8c8,a8d8,0.928
r5r1/p3Rp1k/1p4bp/2pR4/3p1P2/P7/1P5K/8 b - - 0 29,20,-883,NULL,a8d8,g8d8,45.081
8/7p/6pk/8/PP2Q2P/8/8/1K3q2 w - - 1 41,20,+318,NULL,b1b2,b1c2,7.801
3r2k1/pp3pp1/2p4p/8/1Pb1n3/P3K1P1/6PP/3q4 b - - 3 28,20,NULL,#-2,d1g4,d1d4,0.025
rnb1kb1r/ppqpnppp/4p3/2p1P3/3P4/1BP2N2/PP1B1PPP/RN1QK2R b KQkq - 6 8,20,+131,NULL,b7b5,b8c6,10.356
r6r/3p4/b1pP1k1p/p1p2p2/P1P5/5N2/1P1K1P2/4R1R1 w - - 2 31,20,NULL,#+3,f3e5,b2b3,4.064
r2qkb1r/pp1n1ppp/4p3/2Pp4/1P2n3/4PN2/P1P2PPP/RNBQ1RK1 b kq - 3 8,20,+88,NULL,a7a5,b7b6,9.181
2r5/2P2R2/8/1p2k2p/PP5P/1K6/8/8 w - - 1 46,20,+6686,NULL,f7h7,a4b5,53.930
r1bqkbnr/pppp1ppp/2n5/8/2PPp3/8/PP2PPPP/RNBQKBNR b KQkq - 1 4,20,+2,NULL,d7d5,g8f6,7.481
8/8/1pK5/p1p5/P1P4k/2P4P/8/4q3 b - - 1 48,20,NULL,#-11,e1c3,e1b1,0.187
3r2k1/pqp2pb1/4p1pp/4P3/P1N5/8/4QPPP/3R2K1 b - - 0 24,20,-407,NULL,d8d1,d8d5,11.044
8/7p/4p3/3k4/1R1Pb3/P7/6PP/6K1 w - - 3 34,20,+748,NULL,g2g3,g1f2,20.139
r3qrk1/6pp/2pB4/1pQp4/p3b1B1/2P1P2P/PP4P1/R5K1 b - - 3 29,20,-399,NULL,e8f7,h7h5,24.903
8/1R4k1/3r2p1/p3Np2/P2b4/5P1P/5PK1/5R2 b - - 4 34,20,+814,NULL,g7f6,g7f8,9.010
8/6kp/p1N3p1/1p1p2p1/6b1/2bBp1P1/P7/5K2 b - - 1 40,20,NULL,NULL,NULL,NULL,200.003
r1b1k1nr/pp1p1p1p/1q2p1p1/2b1P3/5Q2/2P5/PP1B1PPP/RN2KB1R b KQkq - 3 10,20,-304,NULL,b6b2,g6g5,6.688
2r3k1/2r1qp2/p3pNp1/1p1p2P1/3P4/1PP1R1Q1/P4P2/7K b - - 1 39,20,+310,NULL,g8f8,e7f6,18.020
r2q1rk1/pp2bppp/2n1pB2/3p3b/3P4/2PB1N1P/PP1N1PP1/R2Q1RK1 b - - 0 11,20,-62,NULL,g7f6,e7f6,11.366
rnbq1rk1/ppppb1pp/5n2/4ppB1/2P5/2NP4/PP1QPPPP/2KR1BNR b - - 7 6,20,-83,NULL,d7d6,h7h6,9.990
1r3rk1/p3qppp/4p3/3p4/N3n3/1P6/P3QPPP/R4RK1 w - - 0 18,20,-235,NULL,f1c1,h2h3,16.462
8/8/1p6/p3kB1P/6P1/1P3pr1/P7/4K3 b - - 1 43,20,NULL,#-24,e5f4,g3g2,37.236
4r1k1/pp2npp1/3p2rp/2p5/2PnP1PK/P2PN3/2PN1R2/8 w - - 1 33,20,-569,NULL,d2f1,a3a4,13.553
r2q1rk1/p5pp/1p1p2n1/2pP2b1/3pP3/1P1Q1P1P/P3N1P1/R3KB1R w KQ - 0 17,20,-474,NULL,f3f4,h3h4,34.433
8/p7/1p1k4/5P2/7B/7P/b4P2/6K1 b - - 0 46,20,-2,NULL,d6e5,b6b5,1.110
r3k2r/1p2q1pp/2p1pn2/b1PpNb2/1B1P4/PQ2P2P/3K1PB1/R6R b kq - 4 21,20,-225,NULL,a5c7,a5d8,10.874
1r3k2/r5p1/p1p2p1p/1p1pnP2/P6K/1B5P/1PP2RP1/5R2 w - - 7 37,20,-321,NULL,f1a1,a4b5,13.046
8/p1p2k2/2p2b2/1p3R2/5P1N/1P3P2/P6P/6K1 w - - 0 39,20,+735,NULL,g1f1,f5h5,38.434
3rr1k1/pp4q1/5p2/2P3p1/1P1P1p1p/P6P/5PP1/2QRK2R w K - 1 29,20,+38,NULL,e1f1,e1d2,3.983
2kr1b1r/ppp1pppp/8/4P3/1B3P2/P1N2K2/1P4PP/n4B1R w - - 2 18,20,-234,NULL,f1c4,c3e4,14.291
6k1/p4p1p/6p1/8/P7/1P2P1P1/1r2qP1P/R3R1K1 b - - 4 33,20,NULL,#-2,e2f2,e2f3,13.561
rn3rk1/1b3pbp/pq1ppnp1/6B1/2p1P3/P1NP1PP1/2P1N1BP/R2Q1R1K w - - 0 15,20,+92,NULL,d3d4,a1b1,8.085
r1bqkbnr/pp4pp/2n1pP2/2pp4/3P4/2P2N2/PP3PPP/RNBQKB1R b KQkq - 0 6,30,-18,NULL,g8f6,g7f6,119.153
rn1qk1nr/pbp1bppp/1p1pp3/8/3PP3/2N1BN2/PPP1BPPP/R2QK2R b KQkq - 3 6,30,+31,NULL,g8f6,b8d7,125.640
2kr1b1r/ppnnp1p1/2p3bp/8/2PP1q2/1PB2P1B/P2N4/R3K1NR b KQ - 1 22,30,NULL,NULL,NULL,NULL,200.004
r1bq1rk1/pp1p1ppp/1b3n2/n1pP4/4P3/P2B1N2/1P3PPP/RNBQ1RK1 b - - 0 10,30,NULL,NULL,NULL,NULL,200.007
r1b1kbnr/pp3ppp/2n1p3/2p1P3/3p1P2/3P1N2/PqPN1BPP/R2QKB1R b KQkq - 1 8,30,NULL,NULL,NULL,NULL,180.052
8/pp4pp/b3N1k1/8/7P/2P5/PP2qK2/8 w - - 2 39,30,NULL,#-7,f2g3,f2g1,0.145
r6k/1pp3p1/1b4p1/p2Qp3/P3P2q/5P1P/1PP2P1K/R4R2 w - - 0 26,30,NULL,NULL,NULL,NULL,200.012
3n4/p2pk1p1/5pB1/1qpQp3/1r6/4PN2/2P1KPPP/3R4 w - - 6 26,30,NULL,NULL,NULL,NULL,200.071
r2qkbnr/ppp1pppp/8/3p1b2/1n6/3PP3/PPP1NPPP/RNBQKB1R b KQkq - 0 5,30,-39,NULL,c7c5,b4c6,83.681
r1b2rk1/pp3pp1/2p1p2q/3n2Nn/2BP3P/2N3Q1/PPP5/1K3R1R w - - 11 22,30,NULL,NULL,NULL,NULL,200.005
r1bqk1nr/pp2bppp/2n1p3/2p5/3pPP2/3P1B2/PPP1N1PP/RNBQ1RK1 b kq - 3 7,30,+37,NULL,e6e5,g8f6,118.850
2kr1r2/pp2R3/3q4/3P3p/8/2N2P2/PPP3PK/R2Q4 w - - 1 21,30,NULL,NULL,NULL,NULL,200.005
r1b2rk1/1p3ppp/8/6q1/1PB2n2/1Q2B2P/P4PP1/3R1RK1 w - - 3 23,30,NULL,NULL,NULL,NULL,200.005
4r1k1/7p/2p2qb1/p1p1ppR1/2Pp1P2/1P1P2Q1/P5P1/4R1K1 b - - 1 35,30,NULL,NULL,NULL,NULL,200.005
rnb1k2r/ppppqppp/8/8/1b2nB2/2NP1N2/PPP3PP/R2QKB1R w KQkq - 0 7,30,NULL,NULL,NULL,NULL,200.005
5k2/5pp1/K6p/8/4PN2/5P2/6PP/4n3 w - - 1 39,30,0,NULL,a6b5,h2h4,2.394
r7/B1R1k1pp/3p1p1n/4p3/1P6/5P2/P4P1P/6K1 b - - 2 22,30,NULL,NULL,NULL,NULL,200.003
rnb1kbnr/1p1p1q1p/2pB1p2/p1P3p1/3QP3/P1N2N2/1P3PPP/R3KB1R b KQkq - 0 10,30,NULL,NULL,NULL,NULL,200.004
r2qk2r/1b1pbppp/2n1pn2/8/1p6/1N2PN2/PP1BBPPP/R2Q1RK1 w kq - 4 12,30,0,NULL,d1c2,d1c1,90.105
r2qr1k1/1p3p1p/p1p2n2/5B2/5B2/8/P1P4P/1R3RK1 b - - 2 30,30,NULL,NULL,NULL,NULL,200.004
8/2n4p/1p2P1p1/1r3n2/p2P2Pk/P4N1P/4NP2/2R3K1 b - - 1 35,30,NULL,#+21,h4h3,NULL,93.555
r2qk2r/p4ppp/2p1bn2/b2p4/N7/4B1PP/PP2PPB1/R2Q1RK1 b kq - 6 13,30,+60,NULL,e8g8,d8c8,111.223
4r2r/pbk1q2p/1ppp1pp1/8/3PPbQ1/2N5/PPP2PPP/R4RK1 w - - 0 16,30,NULL,NULL,NULL,NULL,200.004
8/8/8/4K3/8/4q3/4k3/8 w - - 12 83,30,NULL,#-7,e5d6,e5d5,0.254
r4rk1/pp1bqppp/2n2n2/4p3/3p4/6N1/P1PN1PPP/R2Q1RK1 w - - 6 15,30,NULL,NULL,NULL,NULL,200.004
rr4k1/5pp1/2nq1n1p/p3p2P/3pP2R/5B2/PpP1QPPB/1K1R4 w - - 2 24,30,NULL,NULL,NULL,NULL,200.003
r2q1r2/pbpp1pkp/1pn1p1p1/8/3PP1n1/2PB1N2/PP3PPP/RNQ2RK1 w - - 0 11,30,+55,NULL,h2h3,f1e1,101.964
6k1/qp4p1/4Qp2/5B1p/4P3/5P1P/6PK/5b2 b - - 13 43,30,NULL,#+23,g8f8,g8h8,38.931
8/8/4k3/6R1/7R/4P3/1P3PPP/6K1 b - - 14 49,30,NULL,#+6,e6f6,e6e7,0.213
N1b3nr/p2k1ppp/1p1p4/1p6/5B2/2N5/PPP2PPP/R3K2R w KQ - 0 15,30,NULL,NULL,NULL,NULL,200.004
r2q1rk1/4n1bp/ppn1Ppp1/8/8/2NBB3/PPP2PPP/R2Q1RK1 w - - 0 14,30,NULL,NULL,NULL,NULL,200.006
8/8/4k1p1/1p2ppP1/1Pp1p2P/P1P5/4BK2/8 w - - 1 37,30,NULL,#+23,h4h5,e2d1,26.831
8/6pp/p7/4Pk2/5P1P/P1r2K2/8/8 w - - 1 48,30,NULL,#-16,f3e2,f3f2,0.882
2b2rk1/R1q1nppp/4p3/1p6/2pP4/B1P1P3/5PPP/4KBNR w K - 0 20,30,NULL,NULL,NULL,NULL,200.005
1r2k1nr/1b2q1bp/pQn3p1/2pp4/8/2P5/PP1NBP1P/R1BK1R2 w k - 2 18,30,NULL,NULL,NULL,NULL,200.004
r2qk1nr/ppp2p2/2nb3p/5p2/2pP2p1/P5P1/1P1NPPBP/R1BQ1RK1 w kq - 0 11,30,NULL,NULL,NULL,NULL,200.005
3r2k1/1p3pp1/p2p3p/8/2q5/1R1R4/P1P4P/1K6 b - - 5 29,30,NULL,NULL,NULL,NULL,200.004
r3rb1k/ppp2p2/3p4/n3pNQ1/4P3/2qP2PP/P2N2P1/R3R1K1 w - - 0 26,30,NULL,#+26,d2f3,g5h4,83.407
8/1q3PK1/8/2kp4/8/5Q2/8/8 w - - 3 65,30,NULL,#+12,g7g8,f3c3,11.616
r2qk2r/pp3pbp/2p2np1/1B1Ppb2/8/2P5/PP1P1PPP/nNBK1QNR w kq - 0 12,30,NULL,NULL,NULL,NULL,200.005
2kr1bnr/p3q1pp/1p1pnp2/2P1p3/7P/B1PP2P1/P3PPbR/RN1QK1N1 b Q - 1 15,30,NULL,NULL,NULL,NULL,200.005
2kr3r/1pp3pp/p3pp2/2q2n2/1n3P2/1P2PN2/P3Q1PP/R1B2RK1 w - - 0 17,30,NULL,NULL,NULL,NULL,200.004
r1b1k2r/1p2bppp/1qn1p3/p1p2n2/4N1B1/2PP3P/PP3PPN/R1BQ1RK1 b kq - 1 11,30,-83,NULL,a5a4,e8g8,148.609
r2q1rk1/1b2bp1p/p3p1p1/p2pP3/3B1P2/2NQ2P1/1PP4P/2KRR3 w - - 0 20,30,0,NULL,g3g4,h2h4,98.903
4k1nr/ppp2ppp/4p3/4N3/8/4P2P/2q3P1/5rK1 w k - 0 28,30,NULL,#-15,g1f1,g1h2,1.428
r4rk1/1p1bq1pp/p3p3/3p1p2/3Nn3/P1PBPQ1P/1P3PP1/R3K2R b KQ - 1 15,30,NULL,NULL,NULL,NULL,200.004
4k3/1K3pp1/4q2p/8/8/8/8/4n3 b - - 17 52,30,NULL,#-4,e8d8,e8d7,0.062
rnbqkbnr/pp3pp1/2pp3p/4p3/4P3/5N2/PPPPBPPP/RNBQ1RK1 b kq - 1 5,30,+17,NULL,g8f6,f8e7,60.985
4k3/1p6/5K2/6P1/pr6/8/8/8 b - - 1 53,30,NULL,#-7,a4a3,b4b1,0.828
rnbqkbnr/1p1p1ppp/p1p1p3/8/5B2/3P2P1/PPP1PPBP/RN1QK1NR b KQkq - 1 4,30,+22,NULL,c6c5,g8f6,75.115
8/2k5/7R/8/1Br3Pp/P4B1P/7K/8 b - g3 0 47,30,NULL,#+21,c4c2,c4c1,14.494
r6r/p2bkp2/Q1pp2q1/6np/2P1P1p1/4P1R1/PP1NB1PP/5RK1 w - - 0 22,30,NULL,NULL,NULL,NULL,200.006
r2qr1k1/1b1nppbp/6p1/3pP3/2p2P2/P1B1P2P/2P1N1P1/R2Q1RK1 b - - 1 19,30,NULL,NULL,NULL,NULL,200.004
rnbq1knr/pppp2pp/8/2b1Q3/4P3/8/PPPP1PPP/RNB1K1NR b KQ - 0 5,30,NULL,NULL,NULL,NULL,200.006
r1q1k2r/p2nbpQp/2p2p2/1p2p3/4P3/2NB4/PPP2PPP/R2R2K1 b kq - 3 14,30,NULL,NULL,NULL,NULL,200.004
2kr3r/pp1qbppp/8/2pP4/2P1RP2/8/PP4PP/R1BQ2K1 b - - 0 16,30,+52,NULL,h8e8,d8e8,93.821
rnbqk1nr/ppp2pb1/4p1pp/3pP3/3P4/2N2N2/PPP2PPP/R1BQKB1R w KQkq - 0 6,30,+135,NULL,b2b4,f1d3,146.211
2r1kb1r/5ppp/b1n2n2/4pPB1/Pp1pP3/1P4Q1/4NKPP/qNR5 w k - 2 19,30,NULL,NULL,NULL,NULL,200.004
1nr3k1/q4ppp/3np3/3p4/2p5/4PPP1/2Q1N1KP/7R w - - 2 27,30,NULL,NULL,NULL,NULL,200.005
8/4kp2/P1K4p/8/6P1/7P/1r4P1/R7 b - - 0 39,30,NULL,#+26,b2c2,e7d8,37.661
8/p5b1/1pq1N1k1/2p1np2/P7/1B2P3/1BKN4/R7 w - - 3 38,30,NULL,NULL,NULL,NULL,200.004
r4rk1/1p2nppp/p3bn2/3p4/P1p5/2N1PN1P/1P2BPP1/R1BR2K1 b - - 1 16,30,NULL,NULL,NULL,NULL,200.006
5rk1/3b2pp/pr3P2/1ppR4/4N1Pq/2P2Q1P/PP3P2/5RK1 b - - 0 25,30,NULL,NULL,NULL,NULL,200.005
7k/6p1/pp1p3p/2p2q2/2P4P/1P4PK/P2Q4/8 w - - 3 38,30,-31,NULL,h3h2,h3g2,33.425
q2k3r/8/pR2R3/3Bp3/4P3/P2P3P/1PP5/1K6 b - - 14 49,30,NULL,#+30,a8a7,a8c8,75.832
3r2k1/pB2R2p/3P1Pp1/1p6/8/8/r5PP/3R2K1 w - - 0 27,30,NULL,#+7,b7d5,d6d7,1.916
2K5/2RPk3/7p/1p4p1/p1r5/5P2/5P2/8 b - - 5 46,30,NULL,#+13,e7e6,e7d6,10.334
3rk2r/ppp2ppp/2n5/8/1bP1n1b1/P1N1BN2/1P3PPP/R2BR1K1 b k - 0 15,30,+17,NULL,b4c3,e4c3,100.541
r3r2k/1p6/pb1pbnp1/4qp2/1P2p2P/PB6/5PP1/R2Q1RK1 w - - 4 23,30,NULL,NULL,NULL,NULL,200.005
rn1qk2r/ppp2ppp/8/3p4/3P1P2/2PB1Q2/P1Pn2PP/R3K2R w KQkq - 0 11,30,NULL,NULL,NULL,NULL,200.006
6k1/1p3p2/2p2KPP/p1P5/2n5/8/8/8 b - - 0 43,30,NULL,#-17,f7g6,c4e5,9.738
8/r4pk1/3K2p1/7r/1R6/8/8/8 w - - 0 48,30,NULL,#-21,b4b6,b4d4,50.666
4q1k1/p1p1r2r/3p3p/1P1P2p1/6Q1/N2p4/PP2N1PP/2R1K2R b K - 1 28,30,NULL,NULL,NULL,NULL,200.006
8/8/8/8/6kp/3R4/8/r5K1 w - - 4 58,30,0,NULL,g1g2,g1f2,2.514
3R2r1/4k1p1/5rP1/pp2pP2/1qp5/5K2/2B4Q/8 w - - 2 44,30,NULL,NULL,NULL,NULL,200.004
rnbq1rk1/6b1/p1p3pp/1pPp1p2/PP1P1P2/3BB3/2Q1N1PP/3R1R1K b - - 0 18,30,+57,NULL,b8d7,d8e8,121.660
rn1qk2r/pp5p/2ppBnpQ/4p3/4P3/3P1N1P/PPP2PP1/R3K2R b KQkq - 2 12,30,NULL,NULL,NULL,NULL,200.008
8/6pk/7p/3p1p2/3P1P2/p5P1/6K1/1r3N1R w - - 0 38,30,NULL,NULL,NULL,NULL,200.004
7k/6p1/7p/7K/4r2P/6B1/3n2q1/8 b - - 3 48,30,NULL,#-2,h8h7,g2f3,0.033
r1bqr1k1/pppp1p2/5n1Q/2P1p3/4P3/2PP1N2/P4PPP/R3K2R b KQ - 0 12,30,-251,NULL,f6h7,f6g4,160.147
r4rk1/pppqbpp1/2n2n1p/3p4/3P3B/5B2/PPPN1PPP/R2QR1K1 w - - 4 12,30,+41,NULL,c2c3,d2f1,67.577
r1b1kb1r/pppp1pp1/5q1p/1B1Pp3/3N4/8/PPPP1PPP/R1BQ1RK1 b kq - 0 8,30,+83,NULL,e5d4,a7a6,140.053
8/p2Rq1r1/kpp4Q/8/5P2/2P2K2/2P3PP/3R4 b - - 6 33,30,NULL,NULL,NULL,NULL,200.005
r3kb1r/ppq2ppb/2p1p2p/3nP2P/3P2PN/2N5/PP1BQP2/2R2RK1 b kq - 2 18,30,-59,NULL,c7d7,a8d8,102.086
6k1/5pp1/p3r2p/1p3N2/1P6/P4Q1P/3q1PP1/5RK1 w - - 3 31,30,NULL,NULL,NULL,NULL,200.004
2kr1bnr/p1pp1q2/1p2p3/6p1/Q4Pp1/1PPPPbPP/P3K3/1R6 w - - 1 20,30,NULL,NULL,NULL,NULL,200.003
r1bqk1nr/p1pp1pbp/1p2p1p1/8/3P4/2NPPQ1N/PP3PPP/R1B1K2R w KQkq - 0 8,30,NULL,NULL,NULL,NULL,200.005
5r1k/pp2q2p/6p1/1PpQp3/P3B3/6P1/5P1P/3R2K1 b - - 0 27,30,NULL,NULL,NULL,NULL,200.004
7k/p6P/8/3q4/5KP1/8/8/5q2 w - - 6 63,30,NULL,#-2,f4g3,f4e3,0.017
4r1k1/Q3bnp1/1p1p3p/1q1Pp3/4B2P/3PN1P1/5P2/2R3K1 b - - 0 29,30,NULL,NULL,NULL,NULL,200.004
r3kb1r/ppp1pppp/8/q2N4/3P4/5P2/PPnBQPBP/R3K2R w KQkq - 1 12,30,+372,NULL,e1d1,e1f1,104.464
8/5pp1/5k1p/5P2/4K1P1/8/7P/8 b - - 0 39,30,NULL,NULL,NULL,NULL,200.003
rn1k1r2/ppp1qb1p/3p4/3P4/2B2Q2/2P1B3/P1P3PP/2K4R w - - 1 19,30,NULL,NULL,NULL,NULL,200.005
8/K4P2/5Q2/6Q1/8/8/7k/8 w - - 5 76,30,NULL,#+1,f6h8,f6h6,0.025
2k1r2r/pp1n4/1b3np1/1N2pp1p/1P6/6N1/P1PB1PPP/R3R1K1 w - - 1 19,30,+237,NULL,b5d6,c2c4,164.877
1r1q1k1r/p3bp1p/1p1p2p1/3N4/2P5/B2Q1P2/5PPP/1R2R1K1 b - - 2 18,30,NULL,NULL,NULL,NULL,200.005
3r1rk1/2q2p1p/ppB3p1/1P3bQ1/P1P5/5P2/2p3PP/R3R1K1 w - - 0 24,30,NULL,NULL,NULL,NULL,200.005
r2qkbnr/pp3ppp/n2p4/2pP4/8/2N2b1P/PPP2PP1/R1BQKB1R w KQkq - 0 8,30,NULL,NULL,NULL,NULL,200.005
r4rk1/2pb1pp1/p2p1qnp/4p3/2P1P3/3P1N1P/PB3PP1/R2QR1K1 w - - 1 17,30,-15,NULL,d3d4,b2c1,157.969
r3k2r/p1ppn1pp/1p6/2b1QB1q/1nP4P/4P1P1/PP1P1P2/R1B1K1NR w KQkq - 1 14,30,NULL,NULL,NULL,NULL,200.004
8/pp5p/2p1rkp1/2n2p2/3Rn3/P4B2/2P3K1/8 b - - 5 46,30,NULL,NULL,NULL,NULL,200.004
rnbqr1k1/pp2bpp1/2pp1nNp/8/2B1P3/P1NP1Q2/1PP2PPP/R1B1K2R b KQ - 1 9,30,-73,NULL,d6d5,c8g4,83.029
1nk2b1r/5ppp/3p2q1/3N4/2B1n3/4P1B1/3P1PPP/N1R3K1 b - - 9 22,30,-166,NULL,c8d8,e4g3,111.523
r2q1rk1/pp2bppp/1np1p3/3pPn2/3P4/2PQ1N1P/PP3PP1/R1B1RNK1 w - - 3 14,30,+55,NULL,f1g3,e1e2,105.566
7B/1R2P3/4k3/8/4P2p/3K2P1/8/8 b - - 0 52,30,NULL,#+7,e6f7,e6d6,0.037
8/1p2r3/ppk5/8/3R2P1/2P5/8/6K1 b - - 0 55,30,NULL,NULL,NULL,NULL,200.005
1n1qkbnr/Rb2pppp/8/1p6/2pP4/4P3/1P3PPP/2BQKBNR b Kk - 2 9,30,NULL,NULL,NULL,NULL,200.006
rn2k3/pp5p/2p5/5p2/3rpN2/5b2/PPK2P1P/RN2R3 b q - 1 21,30,NULL,NULL,NULL,NULL,200.005
r1b2r2/pp3k1p/4p1P1/2ppnp1P/8/2PB4/PPP2P2/2KR3R b - - 0 19,30,NULL,NULL,NULL,NULL,200.005
r4bnr/ppp2kpp/2n1b3/3p4/3Pq3/1QP1B3/PP3PPP/RN3RK1 w - - 2 11,30,NULL,NULL,NULL,NULL,200.005
7r/2rkn3/3p3q/3pb3/3pPpRp/1Q1P1P1P/PP1BK3/R6B b - - 3 26,30,NULL,NULL,NULL,NULL,200.004
r2q1rk1/3bbppp/p1pp1n2/4p1B1/4P3/3B2N1/PPP2PPP/R2Q1RK1 b - - 3 13,30,-19,NULL,h7h6,a6a5,68.137
1r1nr3/pp4k1/2p1pnpp/5p2/2Pq4/P2B1QNP/1P2RPP1/4R1K1 w - - 0 23,30,NULL,NULL,NULL,NULL,200.006
2r5/1b2kp2/3bPnp1/7p/2B2P2/1PNR3P/4N1P1/7K b - - 0 28,30,NULL,NULL,NULL,NULL,200.007
rnb1k2r/ppq2pp1/2pb1n2/4p2p/2BPP3/2N2N1P/PP3PP1/R1BQ1RK1 w kq - 0 10,30,NULL,NULL,NULL,NULL,200.007
r5r1/ppp2k1p/3bbp2/2PQp3/8/8/P2P1PPP/R1B1R1K1 w - - 3 20,30,NULL,NULL,NULL,NULL,200.009
2kr4/pp4p1/4p3/4p3/2P5/3pNq2/P4P1P/1R1R3K w - - 2 29,30,NULL,NULL,NULL,NULL,200.003
r3q1k1/pp1nrp1p/6p1/2p3P1/2PB3P/3BP1R1/P2P1P2/6RK b - - 1 29,30,NULL,NULL,NULL,NULL,200.006
rn3rk1/pp1b1ppp/2q1p1n1/3pP1b1/1P1P4/P1NB1N2/3Q1PPP/R4RK1 w - - 0 16,30,+108,NULL,f3g5,d2g5,164.575
r4rk1/1p1nbppp/1pp5/3pP2b/8/3P1N1P/PP1N1PP1/R1B1R1K1 w - - 1 15,30,-136,NULL,d3d4,g2g4,127.895
r1bqkb1r/pp1p3p/2n1pp2/2pn2NQ/2B5/3P4/PPP2PPP/RNB1K2R b KQkq - 1 8,30,+393,NULL,e8e7,NULL,161.378
2r2rk1/1p3p1p/4pp1n/NP6/P7/4P3/4QPPP/R1q3K1 w - - 0 24,30,NULL,NULL,NULL,NULL,200.003
6k1/6p1/3Npb1p/8/2p5/4P1P1/1r3PKP/2R5 b - - 3 28,30,+20,NULL,c4c3,b2b6,27.934
3r2k1/5pbp/1r4p1/2p1P3/p3NP2/P6P/1P4P1/1R3RK1 w - - 0 24,30,+277,NULL,e4c5,e4c3,121.525
rnb1k1nr/p4pp1/2pp1q1p/Q3p3/4P3/1B1PBN2/1pP2PPP/1NKR3R w kq - 0 13,30,+481,NULL,c1b2,c1d2,143.423
rn4nr/ppp1kp1p/4b1p1/4N3/4PB2/2PB4/2P3PP/1R3RK1 b - - 3 14,30,NULL,NULL,NULL,NULL,200.005
8/3N1p1p/3k4/pB1R4/2P4b/1KP5/1P5r/8 b - - 7 45,30,NULL,NULL,NULL,NULL,200.003
2r2rk1/8/2b1pPp1/1p1pP1Np/pp1B1N2/8/P1P1K3/8 w - - 0 32,30,NULL,NULL,NULL,NULL,200.006
r2q1rk1/pp3pp1/1np3bp/2b1p3/4P3/2NP1PQN/PPP3PP/R1B1K2R w KQ - 0 15,30,+116,NULL,h3f2,f3f4,172.554
8/8/1p6/8/4K3/8/p2k4/8 b - - 1 60,30,NULL,#-9,b6b5,a2a1q,2.678
5r2/4n3/1R5P/1p6/3k2NR/P2B4/1KP5/8 b - - 2 48,30,NULL,#+12,e7c8,d4c5,1.565
6k1/8/6p1/R2P3p/4qP2/6P1/5P1P/6K1 b - - 0 39,30,NULL,#-21,e4e1,e4b1,32.219
2r2rk1/1p2q1pp/p1n1p1n1/3pP1N1/8/P2Q2B1/1P3PPP/4RRK1 w - - 5 23,30,-34,NULL,f2f4,g5f3,91.256
7r/7p/kpp5/p6P/2PP2R1/1K6/1P2r3/8 b - - 0 39,30,NULL,NULL,NULL,NULL,200.005
8/5r1k/8/2R3K1/8/8/8/8 w - - 1 51,30,0,NULL,c5d5,c5a5,1.689
8/p1rp4/1p4Rp/2p1r2P/4kR2/6P1/PPP5/2K5 b - - 3 34,30,+373,NULL,e4e3,e4d5,99.404
8/2k5/ppbp4/3p4/3P1K2/2P5/2P4P/8 b - - 1 50,30,NULL,#-23,c6a4,a6a5,35.606
1nbqk1nr/8/r1pppp1b/pp6/1P1PP1p1/P1N5/2PBBPPN/R2QR1K1 w k - 2 15,30,NULL,NULL,NULL,NULL,183.403
4rrk1/ppb2ppp/2p2n2/8/3B4/1P2RQ1N/P1PP1PPq/R4K2 w - - 4 20,30,+274,NULL,d4f6,a1e1,90.453
r1bq1rk1/ppp1npp1/2np3p/2b1P3/2Bp1B2/5N2/PPP2PPP/RN1QR1K1 w - - 0 9,30,-92,NULL,e5d6,f4g3,126.716
5r2/pp1b1k2/1q2p2p/3pP1p1/3Qnp2/N1P5/PP2PPPP/R3KB1R b KQ - 2 16,30,0,NULL,b6b2,e4c5,94.147
2b2rk1/R1N3pn/1Q1p4/3Pp1q1/1P2p3/7P/2P2PPN/6K1 b - - 0 26,30,NULL,NULL,NULL,NULL,200.004
2k5/p1p5/1p3q2/3p2p1/1P1Np1P1/2P5/P1KN1R2/8 b - - 0 27,30,-1206,NULL,f6f2,f6e7,88.975
rnb1k1nr/pp6/2pp3b/4p3/2B1P2p/P1NPB2N/1PPQ2q1/2KR3R b kq - 5 18,30,NULL,NULL,NULL,NULL,200.005
r3k1nr/ppp3p1/2np4/4pp1p/4P1bq/P1PP1P2/2P1K2P/R1BQ1BR1 b kq - 1 11,30,NULL,NULL,NULL,NULL,200.004
4r3/5R2/6p1/P5k1/8/1P6/1KP2p2/8 b - - 1 38,30,NULL,NULL,NULL,NULL,200.003
r1b2rk1/pp1p1ppp/4pn2/2b3q1/N7/2B5/P1P1BPPP/1R1Q1RK1 w - - 6 15,30,NULL,NULL,NULL,NULL,182.938
2br1rk1/7p/p1ppp1pn/1p6/3PNPP1/3B4/PPP2R2/1K2R3 w - - 0 28,30,NULL,NULL,NULL,NULL,200.014
r1bq1rk1/p4ppp/2p2n2/2b1p3/8/2N2N2/PPPP1PPP/R1BQ1RK1 w - - 0 9,30,+105,NULL,f3e5,d2d3,136.609
r2qr1k1/pb1n2pp/1p6/3pNp2/3Pn3/B2BQ3/P1P2PPP/R4RK1 w - - 2 16,30,+176,NULL,a1e1,f1e1,158.785
2R5/5kp1/4p2p/pK1p2pP/1p3r2/1P6/r7/2R5 b - - 1 41,30,NULL,NULL,NULL,NULL,200.003
r3k2r/ppp1nppp/2n1b3/2q1p3/8/1P1P1N1P/P1P1BPP1/R1BQR1K1 b kq - 0 12,30,NULL,NULL,NULL,NULL,194.749
r1b2r1k/pp2Nppp/2p5/3p4/8/3BBP2/P1P2P1P/R3K2R w KQ - 0 18,30,NULL,NULL,NULL,NULL,200.005
r2q1rk1/1p1bbppp/p1nppn2/1Bp5/4P3/P1NPBN2/1PP2PPP/R2Q1RK1 w - - 0 10,30,-38,NULL,b5c4,b5a4,89.995
4r1k1/5p1p/p5p1/5b2/3R1PB1/2B1r1P1/PP3K1P/3R4 b - - 0 25,30,+36,NULL,f5g4,e3c3,146.960
5rk1/5p1p/6p1/3Q4/3PP3/q4K1P/5PP1/8 w - - 5 35,30,NULL,NULL,NULL,NULL,200.004
8/8/4k3/p1p3b1/P1P1PpP1/1P6/5K2/1b1B4 b - - 0 44,30,NULL,#-16,e6e5,b1e4,32.310
B7/1R2bk1p/4p1p1/1P2r3/3p4/1RnP2P1/2P2P1P/6K1 b - - 4 35,30,NULL,NULL,NULL,NULL,200.005
r2qk2r/ppp2p2/2pb1n1p/4p1p1/4P3/3P1bB1/PPPN1PPP/R2Q1RK1 w kq - 0 11,30,NULL,NULL,NULL,NULL,182.297
rn2kbnr/ppp1pppp/8/3b4/8/5P2/PPPP2PP/RNB1KBNR b KQkq - 0 5,30,-18,NULL,b8c6,b7b6,68.703
8/8/8/p3p3/K1kp1p1p/P4P1P/3b2P1/2N5 w - - 1 40,30,NULL,#-19,c1b3,c1d3,5.432
rn1q1rk1/1b2bppp/3p3B/3Pp3/1p4R1/2NQ2P1/5PBP/4R1K1 b - - 1 22,30,+111,NULL,g7g6,f7f5,121.131
3r4/Nkp5/1p6/5pp1/3np2p/1P6/R4PPP/7K w - - 0 33,30,NULL,NULL,NULL,NULL,200.004
rnq2rk1/pb1pnpbp/1p1Pp1p1/6B1/8/2N2N2/PPP2PPP/R2QKB1R w KQ - 1 10,30,NULL,NULL,NULL,NULL,200.005
q5k1/5pp1/2r2n1p/8/1Q1P4/2N1PN1P/3K1PP1/r1B4R w - - 0 26,30,NULL,NULL,NULL,NULL,200.005
3k4/1R6/p1pB4/6b1/PPP5/4p3/6P1/5K2 b - - 0 44,30,NULL,#+18,d8c8,g5h6,3.893
5r1k/p1p3pp/6r1/4Rpq1/1PBp4/P2P1Q2/2P2PPP/4R1K1 w - - 11 24,30,NULL,NULL,NULL,NULL,200.004
3r2k1/r4p2/5p2/2Pb1N2/1P3P2/6Pp/P1RR1K1P/8 b - - 4 40,30,NULL,NULL,NULL,NULL,200.003
8/8/p1P5/5P2/1k6/8/4K3/8 b - - 0 43,30,NULL,#+9,b4c4,b4c5,0.124
r3k3/pp3pp1/2p1p1p1/8/1P2P3/2PK4/P4q1r/R2QR3 b q - 1 22,30,NULL,#-3,a8d8,e8c8,1.583
r5r1/p3Rp1k/1p4bp/2pR4/3p1P2/P7/1P5K/8 b - - 0 29,30,NULL,NULL,NULL,NULL,200.004
8/7p/6pk/8/PP2Q2P/8/8/1K3q2 w - - 1 41,30,NULL,NULL,NULL,NULL,200.004
3r2k1/pp3pp1/2p4p/8/1Pb1n3/P3K1P1/6PP/3q4 b - - 3 28,30,NULL,#-2,d1g4,e4f6,0.037
rnb1kb1r/ppqpnppp/4p3/2p1P3/3P4/1BP2N2/PP1B1PPP/RN1QK2R b KQkq - 6 8,30,NULL,NULL,NULL,NULL,200.005
r6r/3p4/b1pP1k1p/p1p2p2/P1P5/5N2/1P1K1P2/4R1R1 w - - 2 31,30,NULL,NULL,NULL,NULL,200.004
r2qkb1r/pp1n1ppp/4p3/2Pp4/1P2n3/4PN2/P1P2PPP/RNBQ1RK1 b kq - 3 8,30,+76,NULL,a7a5,b7b6,113.485
2r5/2P2R2/8/1p2k2p/PP5P/1K6/8/8 w - - 1 46,30,NULL,NULL,NULL,NULL,200.006
r1bqkbnr/pppp1ppp/2n5/8/2PPp3/8/PP2PPPP/RNBQKBNR b KQkq - 1 4,30,0,NULL,d7d5,g8f6,68.092
8/8/1pK5/p1p5/P1P4k/2P4P/8/4q3 b - - 1 48,30,NULL,#-11,e1c3,e1e4,0.236
3r2k1/pqp2pb1/4p1pp/4P3/P1N5/8/4QPPP/3R2K1 b - - 0 24,30,NULL,NULL,NULL,NULL,200.005
8/7p/4p3/3k4/1R1Pb3/P7/6PP/6K1 w - - 3 34,30,NULL,NULL,NULL,NULL,200.004
r3qrk1/6pp/2pB4/1pQp4/p3b1B1/2P1P2P/PP4P1/R5K1 b - - 3 29,30,NULL,NULL,NULL,NULL,200.005
8/1R4k1/3r2p1/p3Np2/P2b4/5P1P/5PK1/5R2 b - - 4 34,30,NULL,NULL,NULL,NULL,200.004
8/6kp/p1N3p1/1p1p2p1/6b1/2bBp1P1/P7/5K2 b - - 1 40,30,NULL,NULL,NULL,NULL,200.010
r1b1k1nr/pp1p1p1p/1q2p1p1/2b1P3/5Q2/2P5/PP1B1PPP/RN2KB1R b KQkq - 3 10,30,NULL,NULL,NULL,NULL,200.004
2r3k1/2r1qp2/p3pNp1/1p1p2P1/3P4/1PP1R1Q1/P4P2/7K b - - 1 39,30,NULL,NULL,NULL,NULL,200.003
r2q1rk1/pp2bppp/2n1pB2/3p3b/3P4/2PB1N1P/PP1N1PP1/R2Q1RK1 b - - 0 11,30,-54,NULL,g7f6,e7f6,167.000
rnbq1rk1/ppppb1pp/5n2/4ppB1/2P5/2NP4/PP1QPPPP/2KR1BNR b - - 7 6,30,-86,NULL,d7d6,c7c6,145.198
1r3rk1/p3qppp/4p3/3p4/N3n3/1P6/P3QPPP/R4RK1 w - - 0 18,30,NULL,NULL,NULL,NULL,200.005
8/8/1p6/p3kB1P/6P1/1P3pr1/P7/4K3 b - - 1 43,30,NULL,NULL,NULL,NULL,200.005
4r1k1/pp2npp1/3p2rp/2p5/2PnP1PK/P2PN3/2PN1R2/8 w - - 1 33,30,NULL,NULL,NULL,NULL,200.004
r2q1rk1/p5pp/1p1p2n1/2pP2b1/3pP3/1P1Q1P1P/P3N1P1/R3KB1R w KQ - 0 17,30,NULL,NULL,NULL,NULL,200.006
8/p7/1p1k4/5P2/7B/7P/b4P2/6K1 b - - 0 46,30,0,NULL,a2b1,b6b5,2.436
r3k2r/1p2q1pp/2p1pn2/b1PpNb2/1B1P4/PQ2P2P/3K1PB1/R6R b kq - 4 21,30,-264,NULL,a5c7,a5d8,174.505
1r3k2/r5p1/p1p2p1p/1p1pnP2/P6K/1B5P/1PP2RP1/5R2 w - - 7 37,30,NULL,NULL,NULL,NULL,200.004
8/p1p2k2/2p2b2/1p3R2/5P1N/1P3P2/P6P/6K1 w - - 0 39,30,NULL,NULL,NULL,NULL,200.004
3rr1k1/pp4q1/5p2/2P3p1/1P1P1p1p/P6P/5PP1/2QRK2R w K - 1 29,30,+4,NULL,e1f1,e1d2,29.456
2kr1b1r/ppp1pppp/8/4P3/1B3P2/P1N2K2/1P4PP/n4B1R w - - 2 18,30,NULL,NULL,NULL,NULL,200.005
6k1/p4p1p/6p1/8/P7/1P2P1P1/1r2qP1P/R3R1K1 b - - 4 33,30,NULL,NULL,NULL,NULL,200.008
rn3rk1/1b3pbp/pq1ppnp1/6B1/2p1P3/P1NP1PP1/2P1N1BP/R2Q1R1K w - - 0 15,30,+84,NULL,d3d4,a1b1,107.275
